-- phpMyAdmin SQL Dump
-- version 5.2.0
-- https://www.phpmyadmin.net/
--
-- Servidor: 127.0.0.1
-- Tiempo de generaci칩n: 16-02-2023 a las 09:39:14
-- Versi칩n del servidor: 10.4.27-MariaDB
-- Versi칩n de PHP: 8.0.25

SET SQL_MODE = "NO_AUTO_VALUE_ON_ZERO";
START TRANSACTION;
SET time_zone = "+00:00";


/*!40101 SET @OLD_CHARACTER_SET_CLIENT=@@CHARACTER_SET_CLIENT */;
/*!40101 SET @OLD_CHARACTER_SET_RESULTS=@@CHARACTER_SET_RESULTS */;
/*!40101 SET @OLD_COLLATION_CONNECTION=@@COLLATION_CONNECTION */;
/*!40101 SET NAMES utf8mb4 */;

--
-- Base de datos: `db_zinema`
--

-- --------------------------------------------------------

--
-- Estructura de tabla para la tabla `aretoa`
--

CREATE TABLE `aretoa` (
  `Id_aretoa` int(11) NOT NULL,
  `IzenAret` varchar(30) DEFAULT NULL,
  `Id_zinema` int(11) DEFAULT NULL
) ENGINE=InnoDB DEFAULT CHARSET=utf8mb4 COLLATE=utf8mb4_general_ci;

--
-- Volcado de datos para la tabla `aretoa`
--

INSERT INTO `aretoa` (`Id_aretoa`, `IzenAret`, `Id_zinema`) VALUES
(1, 'Areto 1', 1),
(2, 'Areto 2', 1),
(3, 'Areto 3', 1),
(4, 'Areto 1', 2),
(5, 'Areto 2', 2),
(6, 'Areto 3', 2),
(7, 'Areto 1', 3),
(8, 'Areto 2', 3),
(9, 'Areto 3', 3);

-- --------------------------------------------------------

--
-- Estructura de tabla para la tabla `bezeroa`
--

CREATE TABLE `bezeroa` (
  `Id_bezeroa` varchar(30) NOT NULL,
  `IzeBez` varchar(30) NOT NULL,
  `AbizBez` varchar(30) NOT NULL,
  `Adina` int(11) NOT NULL,
  `Sexua` enum('Gizona','Emakumea') DEFAULT NULL,
  `NAN` varchar(9) DEFAULT NULL,
  `Pasahitza` varchar(30) NOT NULL
) ENGINE=InnoDB DEFAULT CHARSET=utf8mb4 COLLATE=utf8mb4_general_ci;

--
-- Volcado de datos para la tabla `bezeroa`
--

INSERT INTO `bezeroa` (`Id_bezeroa`, `IzeBez`, `AbizBez`, `Adina`, `Sexua`, `NAN`, `Pasahitza`) VALUES
('aingeru1', 'Aingeru', 'Siranaula', 54, 'Gizona', '12345678R', '1234'),
('ibai0', 'Ibai', 'Alvarez', 22, 'Gizona', '12345678D', '1234');

-- --------------------------------------------------------

--
-- Estructura de tabla para la tabla `erosketa`
--

CREATE TABLE `erosketa` (
  `Id_erosketa` int(11) NOT NULL,
  `Deskontua` int(11) DEFAULT NULL,
  `Totala` float DEFAULT NULL,
  `Id_bezeroa` varchar(30) NOT NULL
) ENGINE=InnoDB DEFAULT CHARSET=utf8mb4 COLLATE=utf8mb4_general_ci;

--
-- Volcado de datos para la tabla `erosketa`
--

INSERT INTO `erosketa` (`Id_erosketa`, `Deskontua`, `Totala`, `Id_bezeroa`) VALUES
(1, 0, 4.5, 'ibai0');

-- --------------------------------------------------------

--
-- Estructura de tabla para la tabla `filma`
--

CREATE TABLE `filma` (
  `Id_filma` int(11) NOT NULL,
  `Izenburua` varchar(30) DEFAULT NULL,
  `Generoa` enum('Beldurra','Komedia','Drama','Zientzia') DEFAULT NULL,
  `Iraupena` int(11) DEFAULT NULL,
  `Prezioa` float NOT NULL
) ENGINE=InnoDB DEFAULT CHARSET=utf8mb4 COLLATE=utf8mb4_general_ci;

--
-- Volcado de datos para la tabla `filma`
--

INSERT INTO `filma` (`Id_filma`, `Izenburua`, `Generoa`, `Iraupena`, `Prezioa`) VALUES
(1, 'Handia', 'Drama', 116, 4.5),
(2, 'La lista de Schindler', 'Drama', 197, 4.5),
(3, 'Cadena Perpetua', 'Drama', 142, 4.5),
(4, 'Million Dollar Baby', 'Drama', 133, 4.5),
(5, '2001: Odisea en el espacio', 'Zientzia', 142, 5.75),
(6, 'La novia de Frankenstein', 'Zientzia', 75, 5.75),
(7, 'El planeta de los simios', 'Zientzia', 115, 5.75),
(8, 'Alien, el octavo pasajero', 'Zientzia', 117, 5.75),
(9, 'Scary movie', 'Komedia', 90, 6.25),
(10, 'El gran Lebowsky', 'Komedia', 119, 6.25),
(11, 'La vida de Brian', 'Komedia', 94, 6.25),
(12, 'Aterriza como puedas', 'Komedia', 88, 6.25),
(13, 'Psicosis', 'Beldurra', 108, 6.5),
(14, 'El resplandor', 'Beldurra', 146, 6.5),
(15, 'Dr치cula', 'Beldurra', 155, 6.5),
(16, 'Cisne negro', 'Beldurra', 110, 6.5);

-- --------------------------------------------------------

--
-- Estructura de tabla para la tabla `saioa`
--

CREATE TABLE `saioa` (
  `Id_saioa` int(11) NOT NULL,
  `Ordua` time DEFAULT NULL,
  `Data` date DEFAULT NULL,
  `Id_aretoa` int(11) DEFAULT NULL,
  `Id_filma` int(11) DEFAULT NULL
) ENGINE=InnoDB DEFAULT CHARSET=utf8mb4 COLLATE=utf8mb4_general_ci;

--
-- Volcado de datos para la tabla `saioa`
--

INSERT INTO `saioa` (`Id_saioa`, `Ordua`, `Data`, `Id_aretoa`, `Id_filma`) VALUES
(1, '14:00:00', '2023-02-01', 1, 1),
(2, '17:00:00', '2023-02-01', 1, 16),
(3, '20:00:00', '2023-02-01', 1, 6),
(4, '23:00:00', '2023-02-01', 1, 10),
(5, '14:00:00', '2023-02-02', 1, 7),
(6, '17:00:00', '2023-02-02', 1, 2),
(7, '20:00:00', '2023-02-02', 1, 6),
(8, '14:00:00', '2023-02-03', 1, 1),
(9, '17:00:00', '2023-02-03', 1, 16),
(10, '20:00:00', '2023-02-03', 1, 6),
(11, '23:00:00', '2023-02-03', 1, 10),
(12, '14:00:00', '2023-02-04', 1, 7),
(13, '17:00:00', '2023-02-04', 1, 2),
(14, '20:00:00', '2023-02-04', 1, 6),
(15, '14:00:00', '2023-02-05', 1, 1),
(16, '17:00:00', '2023-02-05', 1, 16),
(17, '20:00:00', '2023-02-05', 1, 6),
(18, '23:00:00', '2023-02-05', 1, 10),
(19, '14:00:00', '2023-02-06', 1, 7),
(20, '17:00:00', '2023-02-06', 1, 2),
(21, '20:00:00', '2023-02-06', 1, 6),
(22, '14:00:00', '2023-02-07', 1, 1),
(23, '17:00:00', '2023-02-07', 1, 16),
(24, '20:00:00', '2023-02-07', 1, 6),
(25, '23:00:00', '2023-02-07', 1, 10),
(26, '14:00:00', '2023-02-08', 1, 7),
(27, '17:00:00', '2023-02-08', 1, 2),
(28, '20:00:00', '2023-02-08', 1, 6),
(29, '14:00:00', '2023-02-09', 1, 1),
(30, '17:00:00', '2023-02-09', 1, 16),
(31, '20:00:00', '2023-02-09', 1, 6),
(32, '23:00:00', '2023-02-09', 1, 10),
(33, '14:00:00', '2023-02-10', 1, 7),
(34, '17:00:00', '2023-02-10', 1, 2),
(35, '20:00:00', '2023-02-10', 1, 6),
(36, '14:00:00', '2023-02-11', 1, 1),
(37, '17:00:00', '2023-02-11', 1, 16),
(38, '20:00:00', '2023-02-11', 1, 6),
(39, '23:00:00', '2023-02-11', 1, 10),
(40, '14:00:00', '2023-02-12', 1, 7),
(41, '17:00:00', '2023-02-12', 1, 2),
(42, '20:00:00', '2023-02-12', 1, 6),
(43, '14:00:00', '2023-02-13', 1, 1),
(44, '17:00:00', '2023-02-13', 1, 16),
(45, '20:00:00', '2023-02-13', 1, 6),
(46, '23:00:00', '2023-02-13', 1, 10),
(47, '14:00:00', '2023-02-14', 1, 7),
(48, '17:00:00', '2023-02-14', 1, 2),
(49, '20:00:00', '2023-02-14', 1, 6),
(50, '14:00:00', '2023-02-15', 1, 1),
(51, '17:00:00', '2023-02-15', 1, 16),
(52, '20:00:00', '2023-02-15', 1, 6),
(53, '23:00:00', '2023-02-15', 1, 10),
(54, '14:00:00', '2023-02-16', 1, 7),
(55, '17:00:00', '2023-02-16', 1, 2),
(56, '20:00:00', '2023-02-16', 1, 6),
(57, '14:00:00', '2023-02-17', 1, 1),
(58, '17:00:00', '2023-02-17', 1, 16),
(59, '20:00:00', '2023-02-17', 1, 6),
(60, '23:00:00', '2023-02-17', 1, 10),
(61, '14:00:00', '2023-02-18', 1, 7),
(62, '17:00:00', '2023-02-18', 1, 2),
(63, '20:00:00', '2023-02-18', 1, 6),
(64, '14:00:00', '2023-02-19', 1, 1),
(65, '17:00:00', '2023-02-19', 1, 16),
(66, '20:00:00', '2023-02-19', 1, 6),
(67, '23:00:00', '2023-02-19', 1, 10),
(68, '14:00:00', '2023-02-20', 1, 7),
(69, '17:00:00', '2023-02-20', 1, 2),
(70, '20:00:00', '2023-02-20', 1, 6),
(71, '14:00:00', '2023-02-21', 1, 1),
(72, '17:00:00', '2023-02-21', 1, 16),
(73, '20:00:00', '2023-02-21', 1, 6),
(74, '23:00:00', '2023-02-21', 1, 10),
(75, '14:00:00', '2023-02-22', 1, 7),
(76, '17:00:00', '2023-02-22', 1, 2),
(77, '20:00:00', '2023-02-22', 1, 6),
(78, '14:00:00', '2023-02-23', 1, 1),
(79, '17:00:00', '2023-02-23', 1, 16),
(80, '20:00:00', '2023-02-23', 1, 6),
(81, '23:00:00', '2023-02-23', 1, 10),
(82, '14:00:00', '2023-02-24', 1, 7),
(83, '17:00:00', '2023-02-24', 1, 2),
(84, '20:00:00', '2023-02-24', 1, 6),
(85, '14:00:00', '2023-02-25', 1, 1),
(86, '17:00:00', '2023-02-25', 1, 16),
(87, '20:00:00', '2023-02-25', 1, 6),
(88, '23:00:00', '2023-02-25', 1, 10),
(89, '14:00:00', '2023-02-26', 1, 7),
(90, '17:00:00', '2023-02-26', 1, 2),
(91, '20:00:00', '2023-02-26', 1, 6),
(92, '14:00:00', '2023-02-27', 1, 1),
(93, '17:00:00', '2023-02-27', 1, 16),
(94, '20:00:00', '2023-02-27', 1, 6),
(95, '23:00:00', '2023-02-27', 1, 10),
(96, '14:00:00', '2023-03-01', 1, 1),
(97, '17:00:00', '2023-03-01', 1, 16),
(98, '20:00:00', '2023-03-01', 1, 6),
(99, '23:00:00', '2023-03-01', 1, 10),
(100, '14:00:00', '2023-03-02', 1, 1),
(101, '17:00:00', '2023-03-02', 1, 16),
(102, '20:00:00', '2023-03-02', 1, 6),
(103, '23:00:00', '2023-03-02', 1, 10),
(104, '14:00:00', '2023-03-03', 1, 1),
(105, '17:00:00', '2023-03-03', 1, 16),
(106, '20:00:00', '2023-03-03', 1, 6),
(107, '23:00:00', '2023-03-03', 1, 10),
(108, '14:00:00', '2023-03-04', 1, 1),
(109, '17:00:00', '2023-03-04', 1, 16),
(110, '20:00:00', '2023-03-04', 1, 6),
(111, '23:00:00', '2023-03-04', 1, 10),
(112, '14:00:00', '2023-03-05', 1, 1),
(113, '17:00:00', '2023-03-05', 1, 16),
(114, '20:00:00', '2023-03-05', 1, 6),
(115, '23:00:00', '2023-03-05', 1, 10),
(116, '14:00:00', '2023-03-06', 1, 1),
(117, '17:00:00', '2023-03-06', 1, 16),
(118, '20:00:00', '2023-03-06', 1, 6),
(119, '23:00:00', '2023-03-06', 1, 10),
(120, '14:00:00', '2023-03-07', 1, 1),
(121, '17:00:00', '2023-03-07', 1, 16),
(122, '20:00:00', '2023-03-07', 1, 6),
(123, '23:00:00', '2023-03-07', 1, 10),
(124, '14:00:00', '2023-03-08', 1, 1),
(125, '17:00:00', '2023-03-08', 1, 16),
(126, '20:00:00', '2023-03-08', 1, 6),
(127, '23:00:00', '2023-03-08', 1, 10),
(128, '14:00:00', '2023-03-09', 1, 1),
(129, '17:00:00', '2023-03-09', 1, 16),
(130, '20:00:00', '2023-03-09', 1, 6),
(131, '23:00:00', '2023-03-09', 1, 10),
(132, '14:00:00', '2023-03-10', 1, 1),
(133, '17:00:00', '2023-03-10', 1, 16),
(134, '20:00:00', '2023-03-10', 1, 6),
(135, '23:00:00', '2023-03-10', 1, 10),
(136, '14:00:00', '2023-03-11', 1, 1),
(137, '17:00:00', '2023-03-11', 1, 16),
(138, '20:00:00', '2023-03-11', 1, 6),
(139, '23:00:00', '2023-03-11', 1, 10),
(140, '14:00:00', '2023-03-12', 1, 1),
(141, '17:00:00', '2023-03-12', 1, 16),
(142, '20:00:00', '2023-03-12', 1, 6),
(143, '23:00:00', '2023-03-12', 1, 10),
(144, '14:00:00', '2023-03-13', 1, 1),
(145, '17:00:00', '2023-03-13', 1, 16),
(146, '20:00:00', '2023-03-13', 1, 6),
(147, '23:00:00', '2023-03-13', 1, 10),
(148, '14:00:00', '2023-03-14', 1, 1),
(149, '17:00:00', '2023-03-14', 1, 16),
(150, '20:00:00', '2023-03-14', 1, 6),
(151, '23:00:00', '2023-03-14', 1, 10),
(152, '14:00:00', '2023-03-15', 1, 1),
(153, '17:00:00', '2023-03-15', 1, 16),
(154, '20:00:00', '2023-03-15', 1, 6),
(155, '23:00:00', '2023-03-15', 1, 10),
(156, '14:00:00', '2023-03-16', 1, 1),
(157, '17:00:00', '2023-03-16', 1, 16),
(158, '20:00:00', '2023-03-16', 1, 6),
(159, '23:00:00', '2023-03-16', 1, 10),
(160, '14:00:00', '2023-03-17', 1, 1),
(161, '17:00:00', '2023-03-17', 1, 16),
(162, '20:00:00', '2023-03-17', 1, 6),
(163, '23:00:00', '2023-03-17', 1, 10),
(164, '14:00:00', '2023-03-18', 1, 1),
(165, '17:00:00', '2023-03-18', 1, 16),
(166, '20:00:00', '2023-03-18', 1, 6),
(167, '23:00:00', '2023-03-18', 1, 10),
(168, '14:00:00', '2023-03-19', 1, 1),
(169, '17:00:00', '2023-03-19', 1, 16),
(170, '20:00:00', '2023-03-19', 1, 6),
(171, '23:00:00', '2023-03-19', 1, 10),
(172, '14:00:00', '2023-03-20', 1, 1),
(173, '17:00:00', '2023-03-20', 1, 16),
(174, '20:00:00', '2023-03-20', 1, 6),
(175, '23:00:00', '2023-03-20', 1, 10),
(176, '14:00:00', '2023-03-21', 1, 1),
(177, '17:00:00', '2023-03-21', 1, 16),
(178, '20:00:00', '2023-03-21', 1, 6),
(179, '23:00:00', '2023-03-21', 1, 10),
(180, '14:00:00', '2023-03-22', 1, 1),
(181, '17:00:00', '2023-03-22', 1, 16),
(182, '20:00:00', '2023-03-22', 1, 6),
(183, '23:00:00', '2023-03-22', 1, 10),
(184, '14:00:00', '2023-03-23', 1, 1),
(185, '17:00:00', '2023-03-23', 1, 16),
(186, '20:00:00', '2023-03-23', 1, 6),
(187, '23:00:00', '2023-03-23', 1, 10),
(188, '14:00:00', '2023-03-24', 1, 1),
(189, '17:00:00', '2023-03-24', 1, 16),
(190, '20:00:00', '2023-03-24', 1, 6),
(191, '23:00:00', '2023-03-24', 1, 10),
(192, '14:00:00', '2023-03-25', 1, 1),
(193, '17:00:00', '2023-03-25', 1, 16),
(194, '20:00:00', '2023-03-25', 1, 6),
(195, '23:00:00', '2023-03-25', 1, 10),
(196, '14:00:00', '2023-03-26', 1, 1),
(197, '17:00:00', '2023-03-26', 1, 16),
(198, '20:00:00', '2023-03-26', 1, 6),
(199, '23:00:00', '2023-03-26', 1, 10),
(200, '14:00:00', '2023-03-27', 1, 1),
(201, '17:00:00', '2023-03-27', 1, 16),
(202, '20:00:00', '2023-03-27', 1, 6),
(203, '23:00:00', '2023-03-27', 1, 10),
(204, '14:00:00', '2023-03-28', 1, 1),
(205, '17:00:00', '2023-03-28', 1, 16),
(206, '20:00:00', '2023-03-28', 1, 6),
(207, '23:00:00', '2023-03-28', 1, 10),
(208, '14:00:00', '2023-03-29', 1, 1),
(209, '17:00:00', '2023-03-29', 1, 16),
(210, '20:00:00', '2023-03-29', 1, 6),
(211, '23:00:00', '2023-03-29', 1, 10),
(212, '14:00:00', '2023-03-30', 1, 1),
(213, '17:00:00', '2023-03-30', 1, 16),
(214, '20:00:00', '2023-03-30', 1, 6),
(215, '23:00:00', '2023-03-30', 1, 10),
(216, '14:00:00', '2023-02-01', 2, 16),
(217, '17:00:00', '2023-02-01', 2, 10),
(218, '20:00:00', '2023-02-01', 2, 1),
(219, '14:00:00', '2023-02-02', 2, 7),
(220, '17:00:00', '2023-02-02', 2, 16),
(221, '20:00:00', '2023-02-02', 2, 2),
(222, '23:00:00', '2023-02-02', 2, 10),
(223, '14:00:00', '2023-02-03', 2, 16),
(224, '17:00:00', '2023-02-03', 2, 10),
(225, '20:00:00', '2023-02-03', 2, 1),
(226, '14:00:00', '2023-02-04', 2, 7),
(227, '17:00:00', '2023-02-04', 2, 16),
(228, '20:00:00', '2023-02-04', 2, 2),
(229, '23:00:00', '2023-02-04', 2, 10),
(230, '14:00:00', '2023-02-05', 2, 16),
(231, '17:00:00', '2023-02-05', 2, 10),
(232, '20:00:00', '2023-02-05', 2, 1),
(233, '14:00:00', '2023-02-06', 2, 7),
(234, '17:00:00', '2023-02-06', 2, 16),
(235, '20:00:00', '2023-02-06', 2, 2),
(236, '23:00:00', '2023-02-06', 2, 10),
(237, '14:00:00', '2023-02-07', 2, 16),
(238, '17:00:00', '2023-02-07', 2, 10),
(239, '20:00:00', '2023-02-07', 2, 1),
(240, '14:00:00', '2023-02-08', 2, 7),
(241, '17:00:00', '2023-02-08', 2, 16),
(242, '20:00:00', '2023-02-08', 2, 2),
(243, '23:00:00', '2023-02-08', 2, 10),
(244, '14:00:00', '2023-02-09', 2, 16),
(245, '17:00:00', '2023-02-09', 2, 10),
(246, '20:00:00', '2023-02-09', 2, 1),
(247, '14:00:00', '2023-02-10', 2, 7),
(248, '17:00:00', '2023-02-10', 2, 16),
(249, '20:00:00', '2023-02-10', 2, 2),
(250, '23:00:00', '2023-02-10', 2, 10),
(251, '14:00:00', '2023-02-11', 2, 16),
(252, '17:00:00', '2023-02-11', 2, 10),
(253, '20:00:00', '2023-02-11', 2, 1),
(254, '14:00:00', '2023-02-12', 2, 7),
(255, '17:00:00', '2023-02-12', 2, 16),
(256, '20:00:00', '2023-02-12', 2, 2),
(257, '23:00:00', '2023-02-12', 2, 10),
(258, '14:00:00', '2023-02-13', 2, 16),
(259, '17:00:00', '2023-02-13', 2, 10),
(260, '20:00:00', '2023-02-13', 2, 1),
(261, '14:00:00', '2023-02-14', 2, 7),
(262, '17:00:00', '2023-02-14', 2, 16),
(263, '20:00:00', '2023-02-14', 2, 2),
(264, '23:00:00', '2023-02-14', 2, 10),
(265, '14:00:00', '2023-02-15', 2, 16),
(266, '17:00:00', '2023-02-15', 2, 10),
(267, '20:00:00', '2023-02-15', 2, 1),
(268, '14:00:00', '2023-02-16', 2, 7),
(269, '17:00:00', '2023-02-16', 2, 16),
(270, '20:00:00', '2023-02-16', 2, 2),
(271, '23:00:00', '2023-02-16', 2, 10),
(272, '14:00:00', '2023-02-17', 2, 16),
(273, '17:00:00', '2023-02-17', 2, 10),
(274, '20:00:00', '2023-02-17', 2, 1),
(275, '14:00:00', '2023-02-18', 2, 7),
(276, '17:00:00', '2023-02-18', 2, 16),
(277, '20:00:00', '2023-02-18', 2, 2),
(278, '23:00:00', '2023-02-18', 2, 10),
(279, '14:00:00', '2023-02-19', 2, 16),
(280, '17:00:00', '2023-02-19', 2, 10),
(281, '20:00:00', '2023-02-19', 2, 1),
(282, '14:00:00', '2023-02-20', 2, 7),
(283, '17:00:00', '2023-02-20', 2, 16),
(284, '20:00:00', '2023-02-20', 2, 2),
(285, '23:00:00', '2023-02-20', 2, 10),
(286, '14:00:00', '2023-02-21', 2, 16),
(287, '17:00:00', '2023-02-21', 2, 10),
(288, '20:00:00', '2023-02-21', 2, 1),
(289, '14:00:00', '2023-02-22', 2, 7),
(290, '17:00:00', '2023-02-22', 2, 16),
(291, '20:00:00', '2023-02-22', 2, 2),
(292, '23:00:00', '2023-02-22', 2, 10),
(293, '14:00:00', '2023-02-23', 2, 16),
(294, '17:00:00', '2023-02-23', 2, 10),
(295, '20:00:00', '2023-02-23', 2, 1),
(296, '14:00:00', '2023-02-24', 2, 7),
(297, '17:00:00', '2023-02-24', 2, 16),
(298, '20:00:00', '2023-02-24', 2, 2),
(299, '23:00:00', '2023-02-24', 2, 10),
(300, '14:00:00', '2023-02-25', 2, 16),
(301, '17:00:00', '2023-02-25', 2, 10),
(302, '20:00:00', '2023-02-25', 2, 1),
(303, '14:00:00', '2023-02-26', 2, 7),
(304, '17:00:00', '2023-02-26', 2, 16),
(305, '20:00:00', '2023-02-26', 2, 2),
(306, '23:00:00', '2023-02-26', 2, 10),
(307, '14:00:00', '2023-02-27', 2, 16),
(308, '17:00:00', '2023-02-27', 2, 10),
(309, '20:00:00', '2023-02-27', 2, 1),
(310, '14:00:00', '2023-03-01', 2, 7),
(311, '17:00:00', '2023-03-01', 2, 16),
(312, '20:00:00', '2023-03-01', 2, 2),
(313, '23:00:00', '2023-03-01', 2, 10),
(314, '14:00:00', '2023-03-02', 2, 7),
(315, '17:00:00', '2023-03-02', 2, 16),
(316, '20:00:00', '2023-03-02', 2, 2),
(317, '23:00:00', '2023-03-02', 2, 10),
(318, '14:00:00', '2023-03-03', 2, 7),
(319, '17:00:00', '2023-03-03', 2, 16),
(320, '20:00:00', '2023-03-03', 2, 2),
(321, '23:00:00', '2023-03-03', 2, 10),
(322, '14:00:00', '2023-03-04', 2, 7),
(323, '17:00:00', '2023-03-04', 2, 16),
(324, '20:00:00', '2023-03-04', 2, 2),
(325, '23:00:00', '2023-03-04', 2, 10),
(326, '14:00:00', '2023-03-05', 2, 7),
(327, '17:00:00', '2023-03-05', 2, 16),
(328, '20:00:00', '2023-03-05', 2, 2),
(329, '23:00:00', '2023-03-05', 2, 10),
(330, '14:00:00', '2023-03-06', 2, 7),
(331, '17:00:00', '2023-03-06', 2, 16),
(332, '20:00:00', '2023-03-06', 2, 2),
(333, '23:00:00', '2023-03-06', 2, 10),
(334, '14:00:00', '2023-03-07', 2, 7),
(335, '17:00:00', '2023-03-07', 2, 16),
(336, '20:00:00', '2023-03-07', 2, 2),
(337, '23:00:00', '2023-03-07', 2, 10),
(338, '14:00:00', '2023-03-08', 2, 7),
(339, '17:00:00', '2023-03-08', 2, 16),
(340, '20:00:00', '2023-03-08', 2, 2),
(341, '23:00:00', '2023-03-08', 2, 10),
(342, '14:00:00', '2023-03-09', 2, 7),
(343, '17:00:00', '2023-03-09', 2, 16),
(344, '20:00:00', '2023-03-09', 2, 2),
(345, '23:00:00', '2023-03-09', 2, 10),
(346, '14:00:00', '2023-03-10', 2, 7),
(347, '17:00:00', '2023-03-10', 2, 16),
(348, '20:00:00', '2023-03-10', 2, 2),
(349, '23:00:00', '2023-03-10', 2, 10),
(350, '14:00:00', '2023-03-11', 2, 7),
(351, '17:00:00', '2023-03-11', 2, 16),
(352, '20:00:00', '2023-03-11', 2, 2),
(353, '23:00:00', '2023-03-11', 2, 10),
(354, '14:00:00', '2023-03-12', 2, 7),
(355, '17:00:00', '2023-03-12', 2, 16),
(356, '20:00:00', '2023-03-12', 2, 2),
(357, '23:00:00', '2023-03-12', 2, 10),
(358, '14:00:00', '2023-03-13', 2, 7),
(359, '17:00:00', '2023-03-13', 2, 16),
(360, '20:00:00', '2023-03-13', 2, 2),
(361, '23:00:00', '2023-03-13', 2, 10),
(362, '14:00:00', '2023-03-14', 2, 7),
(363, '17:00:00', '2023-03-14', 2, 16),
(364, '20:00:00', '2023-03-14', 2, 2),
(365, '23:00:00', '2023-03-14', 2, 10),
(366, '14:00:00', '2023-03-15', 2, 7),
(367, '17:00:00', '2023-03-15', 2, 16),
(368, '20:00:00', '2023-03-15', 2, 2),
(369, '23:00:00', '2023-03-15', 2, 10),
(370, '14:00:00', '2023-03-16', 2, 7),
(371, '17:00:00', '2023-03-16', 2, 16),
(372, '20:00:00', '2023-03-16', 2, 2),
(373, '23:00:00', '2023-03-16', 2, 10),
(374, '14:00:00', '2023-03-17', 2, 7),
(375, '17:00:00', '2023-03-17', 2, 16),
(376, '20:00:00', '2023-03-17', 2, 2),
(377, '23:00:00', '2023-03-17', 2, 10),
(378, '14:00:00', '2023-03-18', 2, 7),
(379, '17:00:00', '2023-03-18', 2, 16),
(380, '20:00:00', '2023-03-18', 2, 2),
(381, '23:00:00', '2023-03-18', 2, 10),
(382, '14:00:00', '2023-03-19', 2, 7),
(383, '17:00:00', '2023-03-19', 2, 16),
(384, '20:00:00', '2023-03-19', 2, 2),
(385, '23:00:00', '2023-03-19', 2, 10),
(386, '14:00:00', '2023-03-20', 2, 7),
(387, '17:00:00', '2023-03-20', 2, 16),
(388, '20:00:00', '2023-03-20', 2, 2),
(389, '23:00:00', '2023-03-20', 2, 10),
(390, '14:00:00', '2023-03-21', 2, 7),
(391, '17:00:00', '2023-03-21', 2, 16),
(392, '20:00:00', '2023-03-21', 2, 2),
(393, '23:00:00', '2023-03-21', 2, 10),
(394, '14:00:00', '2023-03-22', 2, 7),
(395, '17:00:00', '2023-03-22', 2, 16),
(396, '20:00:00', '2023-03-22', 2, 2),
(397, '23:00:00', '2023-03-22', 2, 10),
(398, '14:00:00', '2023-03-23', 2, 7),
(399, '17:00:00', '2023-03-23', 2, 16),
(400, '20:00:00', '2023-03-23', 2, 2),
(401, '23:00:00', '2023-03-23', 2, 10),
(402, '14:00:00', '2023-03-24', 2, 7),
(403, '17:00:00', '2023-03-24', 2, 16),
(404, '20:00:00', '2023-03-24', 2, 2),
(405, '23:00:00', '2023-03-24', 2, 10),
(406, '14:00:00', '2023-03-25', 2, 7),
(407, '17:00:00', '2023-03-25', 2, 16),
(408, '20:00:00', '2023-03-25', 2, 2),
(409, '23:00:00', '2023-03-25', 2, 10),
(410, '14:00:00', '2023-03-26', 2, 7),
(411, '17:00:00', '2023-03-26', 2, 16),
(412, '20:00:00', '2023-03-26', 2, 2),
(413, '23:00:00', '2023-03-26', 2, 10),
(414, '14:00:00', '2023-03-27', 2, 7),
(415, '17:00:00', '2023-03-27', 2, 16),
(416, '20:00:00', '2023-03-27', 2, 2),
(417, '23:00:00', '2023-03-27', 2, 10),
(418, '14:00:00', '2023-03-28', 2, 7),
(419, '17:00:00', '2023-03-28', 2, 16),
(420, '20:00:00', '2023-03-28', 2, 2),
(421, '23:00:00', '2023-03-28', 2, 10),
(422, '14:00:00', '2023-03-29', 2, 7),
(423, '17:00:00', '2023-03-29', 2, 16),
(424, '20:00:00', '2023-03-29', 2, 2),
(425, '23:00:00', '2023-03-29', 2, 10),
(426, '14:00:00', '2023-03-30', 2, 7),
(427, '17:00:00', '2023-03-30', 2, 16),
(428, '20:00:00', '2023-03-30', 2, 2),
(429, '23:00:00', '2023-03-30', 2, 10),
(430, '14:00:00', '2023-02-01', 3, 1),
(431, '17:00:00', '2023-02-01', 3, 16),
(432, '20:00:00', '2023-02-01', 3, 6),
(433, '14:00:00', '2023-02-02', 3, 1),
(434, '17:00:00', '2023-02-02', 3, 16),
(435, '20:00:00', '2023-02-02', 3, 6),
(436, '14:00:00', '2023-02-03', 3, 1),
(437, '17:00:00', '2023-02-03', 3, 16),
(438, '20:00:00', '2023-02-03', 3, 6),
(439, '14:00:00', '2023-02-04', 3, 1),
(440, '17:00:00', '2023-02-04', 3, 16),
(441, '20:00:00', '2023-02-04', 3, 6),
(442, '14:00:00', '2023-02-05', 3, 1),
(443, '17:00:00', '2023-02-05', 3, 16),
(444, '20:00:00', '2023-02-05', 3, 6),
(445, '14:00:00', '2023-02-06', 3, 1),
(446, '17:00:00', '2023-02-06', 3, 16),
(447, '20:00:00', '2023-02-06', 3, 6),
(448, '14:00:00', '2023-02-07', 3, 1),
(449, '17:00:00', '2023-02-07', 3, 16),
(450, '20:00:00', '2023-02-07', 3, 6),
(451, '14:00:00', '2023-02-08', 3, 1),
(452, '17:00:00', '2023-02-08', 3, 16),
(453, '20:00:00', '2023-02-08', 3, 6),
(454, '14:00:00', '2023-02-09', 3, 1),
(455, '17:00:00', '2023-02-09', 3, 16),
(456, '20:00:00', '2023-02-09', 3, 6),
(457, '14:00:00', '2023-02-10', 3, 1),
(458, '17:00:00', '2023-02-10', 3, 16),
(459, '20:00:00', '2023-02-10', 3, 6),
(460, '14:00:00', '2023-02-11', 3, 1),
(461, '17:00:00', '2023-02-11', 3, 16),
(462, '20:00:00', '2023-02-11', 3, 6),
(463, '14:00:00', '2023-02-12', 3, 1),
(464, '17:00:00', '2023-02-12', 3, 16),
(465, '20:00:00', '2023-02-12', 3, 6),
(466, '14:00:00', '2023-02-13', 3, 1),
(467, '17:00:00', '2023-02-13', 3, 16),
(468, '20:00:00', '2023-02-13', 3, 6),
(469, '14:00:00', '2023-02-14', 3, 1),
(470, '17:00:00', '2023-02-14', 3, 16),
(471, '20:00:00', '2023-02-14', 3, 6),
(472, '14:00:00', '2023-02-15', 3, 1),
(473, '17:00:00', '2023-02-15', 3, 16),
(474, '20:00:00', '2023-02-15', 3, 6),
(475, '14:00:00', '2023-02-16', 3, 1),
(476, '17:00:00', '2023-02-16', 3, 16),
(477, '20:00:00', '2023-02-16', 3, 6),
(478, '14:00:00', '2023-02-17', 3, 1),
(479, '17:00:00', '2023-02-17', 3, 16),
(480, '20:00:00', '2023-02-17', 3, 6),
(481, '14:00:00', '2023-02-18', 3, 1),
(482, '17:00:00', '2023-02-18', 3, 16),
(483, '20:00:00', '2023-02-18', 3, 6),
(484, '14:00:00', '2023-02-19', 3, 1),
(485, '17:00:00', '2023-02-19', 3, 16),
(486, '20:00:00', '2023-02-19', 3, 6),
(487, '14:00:00', '2023-02-20', 3, 1),
(488, '17:00:00', '2023-02-20', 3, 16),
(489, '20:00:00', '2023-02-20', 3, 6),
(490, '14:00:00', '2023-02-21', 3, 1),
(491, '17:00:00', '2023-02-21', 3, 16),
(492, '20:00:00', '2023-02-21', 3, 6),
(493, '14:00:00', '2023-02-22', 3, 1),
(494, '17:00:00', '2023-02-22', 3, 16),
(495, '20:00:00', '2023-02-22', 3, 6),
(496, '14:00:00', '2023-02-23', 3, 1),
(497, '17:00:00', '2023-02-23', 3, 16),
(498, '20:00:00', '2023-02-23', 3, 6),
(499, '14:00:00', '2023-02-24', 3, 1),
(500, '17:00:00', '2023-02-24', 3, 16),
(501, '20:00:00', '2023-02-24', 3, 6),
(502, '14:00:00', '2023-02-25', 3, 1),
(503, '17:00:00', '2023-02-25', 3, 16),
(504, '20:00:00', '2023-02-25', 3, 6),
(505, '14:00:00', '2023-02-26', 3, 1),
(506, '17:00:00', '2023-02-26', 3, 16),
(507, '20:00:00', '2023-02-26', 3, 6),
(508, '14:00:00', '2023-02-27', 3, 1),
(509, '17:00:00', '2023-02-27', 3, 16),
(510, '20:00:00', '2023-02-27', 3, 6),
(511, '14:00:00', '2023-03-01', 3, 1),
(512, '17:00:00', '2023-03-01', 3, 16),
(513, '20:00:00', '2023-03-01', 3, 6),
(514, '14:00:00', '2023-03-02', 3, 1),
(515, '17:00:00', '2023-03-02', 3, 16),
(516, '20:00:00', '2023-03-02', 3, 6),
(517, '14:00:00', '2023-03-03', 3, 1),
(518, '17:00:00', '2023-03-03', 3, 16),
(519, '20:00:00', '2023-03-03', 3, 6),
(520, '14:00:00', '2023-03-04', 3, 1),
(521, '17:00:00', '2023-03-04', 3, 16),
(522, '20:00:00', '2023-03-04', 3, 6),
(523, '14:00:00', '2023-03-05', 3, 1),
(524, '17:00:00', '2023-03-05', 3, 16),
(525, '20:00:00', '2023-03-05', 3, 6),
(526, '14:00:00', '2023-03-06', 3, 1),
(527, '17:00:00', '2023-03-06', 3, 16),
(528, '20:00:00', '2023-03-06', 3, 6),
(529, '14:00:00', '2023-03-07', 3, 1),
(530, '17:00:00', '2023-03-07', 3, 16),
(531, '20:00:00', '2023-03-07', 3, 6),
(532, '14:00:00', '2023-03-08', 3, 1),
(533, '17:00:00', '2023-03-08', 3, 16),
(534, '20:00:00', '2023-03-08', 3, 6),
(535, '14:00:00', '2023-03-09', 3, 1),
(536, '17:00:00', '2023-03-09', 3, 16),
(537, '20:00:00', '2023-03-09', 3, 6),
(538, '14:00:00', '2023-03-10', 3, 1),
(539, '17:00:00', '2023-03-10', 3, 16),
(540, '20:00:00', '2023-03-10', 3, 6),
(541, '14:00:00', '2023-03-11', 3, 1),
(542, '17:00:00', '2023-03-11', 3, 16),
(543, '20:00:00', '2023-03-11', 3, 6),
(544, '14:00:00', '2023-03-12', 3, 1),
(545, '17:00:00', '2023-03-12', 3, 16),
(546, '20:00:00', '2023-03-12', 3, 6),
(547, '14:00:00', '2023-03-13', 3, 1),
(548, '17:00:00', '2023-03-13', 3, 16),
(549, '20:00:00', '2023-03-13', 3, 6),
(550, '14:00:00', '2023-03-14', 3, 1),
(551, '17:00:00', '2023-03-14', 3, 16),
(552, '20:00:00', '2023-03-14', 3, 6),
(553, '14:00:00', '2023-03-15', 3, 1),
(554, '17:00:00', '2023-03-15', 3, 16),
(555, '20:00:00', '2023-03-15', 3, 6),
(556, '14:00:00', '2023-03-16', 3, 1),
(557, '17:00:00', '2023-03-16', 3, 16),
(558, '20:00:00', '2023-03-16', 3, 6),
(559, '14:00:00', '2023-03-17', 3, 1),
(560, '17:00:00', '2023-03-17', 3, 16),
(561, '20:00:00', '2023-03-17', 3, 6),
(562, '14:00:00', '2023-03-18', 3, 1),
(563, '17:00:00', '2023-03-18', 3, 16),
(564, '20:00:00', '2023-03-18', 3, 6),
(565, '14:00:00', '2023-03-19', 3, 1),
(566, '17:00:00', '2023-03-19', 3, 16),
(567, '20:00:00', '2023-03-19', 3, 6),
(568, '14:00:00', '2023-03-20', 3, 1),
(569, '17:00:00', '2023-03-20', 3, 16),
(570, '20:00:00', '2023-03-20', 3, 6),
(571, '14:00:00', '2023-03-21', 3, 1),
(572, '17:00:00', '2023-03-21', 3, 16),
(573, '20:00:00', '2023-03-21', 3, 6),
(574, '14:00:00', '2023-03-22', 3, 1),
(575, '17:00:00', '2023-03-22', 3, 16),
(576, '20:00:00', '2023-03-22', 3, 6),
(577, '14:00:00', '2023-03-23', 3, 1),
(578, '17:00:00', '2023-03-23', 3, 16),
(579, '20:00:00', '2023-03-23', 3, 6),
(580, '14:00:00', '2023-03-24', 3, 1),
(581, '17:00:00', '2023-03-24', 3, 16),
(582, '20:00:00', '2023-03-24', 3, 6),
(583, '14:00:00', '2023-03-25', 3, 1),
(584, '17:00:00', '2023-03-25', 3, 16),
(585, '20:00:00', '2023-03-25', 3, 6),
(586, '14:00:00', '2023-03-26', 3, 1),
(587, '17:00:00', '2023-03-26', 3, 16),
(588, '20:00:00', '2023-03-26', 3, 6),
(589, '14:00:00', '2023-03-27', 3, 1),
(590, '17:00:00', '2023-03-27', 3, 16),
(591, '20:00:00', '2023-03-27', 3, 6),
(592, '14:00:00', '2023-03-28', 3, 1),
(593, '17:00:00', '2023-03-28', 3, 16),
(594, '20:00:00', '2023-03-28', 3, 6),
(595, '14:00:00', '2023-03-29', 3, 1),
(596, '17:00:00', '2023-03-29', 3, 16),
(597, '20:00:00', '2023-03-29', 3, 6),
(598, '14:00:00', '2023-03-30', 3, 1),
(599, '17:00:00', '2023-03-30', 3, 16),
(600, '20:00:00', '2023-03-30', 3, 6),
(601, '14:00:00', '2023-02-01', 4, 14),
(602, '17:00:00', '2023-02-01', 4, 11),
(603, '20:00:00', '2023-02-01', 4, 4),
(604, '23:00:00', '2023-02-01', 4, 9),
(605, '14:00:00', '2023-02-02', 4, 12),
(606, '17:00:00', '2023-02-02', 4, 15),
(607, '20:00:00', '2023-02-02', 4, 4),
(608, '14:00:00', '2023-02-03', 4, 14),
(609, '17:00:00', '2023-02-03', 4, 11),
(610, '20:00:00', '2023-02-03', 4, 4),
(611, '23:00:00', '2023-02-03', 4, 9),
(612, '14:00:00', '2023-02-04', 4, 12),
(613, '17:00:00', '2023-02-04', 4, 15),
(614, '20:00:00', '2023-02-04', 4, 4),
(615, '14:00:00', '2023-02-05', 4, 14),
(616, '17:00:00', '2023-02-05', 4, 11),
(617, '20:00:00', '2023-02-05', 4, 4),
(618, '23:00:00', '2023-02-05', 4, 9),
(619, '14:00:00', '2023-02-06', 4, 12),
(620, '17:00:00', '2023-02-06', 4, 15),
(621, '20:00:00', '2023-02-06', 4, 4),
(622, '14:00:00', '2023-02-07', 4, 14),
(623, '17:00:00', '2023-02-07', 4, 11),
(624, '20:00:00', '2023-02-07', 4, 4),
(625, '23:00:00', '2023-02-07', 4, 9),
(626, '14:00:00', '2023-02-08', 4, 12),
(627, '17:00:00', '2023-02-08', 4, 15),
(628, '20:00:00', '2023-02-08', 4, 4),
(629, '14:00:00', '2023-02-09', 4, 14),
(630, '17:00:00', '2023-02-09', 4, 11),
(631, '20:00:00', '2023-02-09', 4, 4),
(632, '23:00:00', '2023-02-09', 4, 9),
(633, '14:00:00', '2023-02-10', 4, 12),
(634, '17:00:00', '2023-02-10', 4, 15),
(635, '20:00:00', '2023-02-10', 4, 4),
(636, '14:00:00', '2023-02-11', 4, 14),
(637, '17:00:00', '2023-02-11', 4, 11),
(638, '20:00:00', '2023-02-11', 4, 4),
(639, '23:00:00', '2023-02-11', 4, 9),
(640, '14:00:00', '2023-02-12', 4, 12),
(641, '17:00:00', '2023-02-12', 4, 15),
(642, '20:00:00', '2023-02-12', 4, 4),
(643, '14:00:00', '2023-02-13', 4, 14),
(644, '17:00:00', '2023-02-13', 4, 11),
(645, '20:00:00', '2023-02-13', 4, 4),
(646, '23:00:00', '2023-02-13', 4, 9),
(647, '14:00:00', '2023-02-14', 4, 12),
(648, '17:00:00', '2023-02-14', 4, 15),
(649, '20:00:00', '2023-02-14', 4, 4),
(650, '14:00:00', '2023-02-15', 4, 14),
(651, '17:00:00', '2023-02-15', 4, 11),
(652, '20:00:00', '2023-02-15', 4, 4),
(653, '23:00:00', '2023-02-15', 4, 9),
(654, '14:00:00', '2023-02-16', 4, 12),
(655, '17:00:00', '2023-02-16', 4, 15),
(656, '20:00:00', '2023-02-16', 4, 4),
(657, '14:00:00', '2023-02-17', 4, 14),
(658, '17:00:00', '2023-02-17', 4, 11),
(659, '20:00:00', '2023-02-17', 4, 4),
(660, '23:00:00', '2023-02-17', 4, 9),
(661, '14:00:00', '2023-02-18', 4, 12),
(662, '17:00:00', '2023-02-18', 4, 15),
(663, '20:00:00', '2023-02-18', 4, 4),
(664, '14:00:00', '2023-02-19', 4, 14),
(665, '17:00:00', '2023-02-19', 4, 11),
(666, '20:00:00', '2023-02-19', 4, 4),
(667, '23:00:00', '2023-02-19', 4, 9),
(668, '14:00:00', '2023-02-20', 4, 12),
(669, '17:00:00', '2023-02-20', 4, 15),
(670, '20:00:00', '2023-02-20', 4, 4),
(671, '14:00:00', '2023-02-21', 4, 14),
(672, '17:00:00', '2023-02-21', 4, 11),
(673, '20:00:00', '2023-02-21', 4, 4),
(674, '23:00:00', '2023-02-21', 4, 9),
(675, '14:00:00', '2023-02-22', 4, 12),
(676, '17:00:00', '2023-02-22', 4, 15),
(677, '20:00:00', '2023-02-22', 4, 4),
(678, '14:00:00', '2023-02-23', 4, 14),
(679, '17:00:00', '2023-02-23', 4, 11),
(680, '20:00:00', '2023-02-23', 4, 4),
(681, '23:00:00', '2023-02-23', 4, 9),
(682, '14:00:00', '2023-02-24', 4, 12),
(683, '17:00:00', '2023-02-24', 4, 15),
(684, '20:00:00', '2023-02-24', 4, 4),
(685, '14:00:00', '2023-02-25', 4, 14),
(686, '17:00:00', '2023-02-25', 4, 11),
(687, '20:00:00', '2023-02-25', 4, 4),
(688, '23:00:00', '2023-02-25', 4, 9),
(689, '14:00:00', '2023-02-26', 4, 12),
(690, '17:00:00', '2023-02-26', 4, 15),
(691, '20:00:00', '2023-02-26', 4, 4),
(692, '14:00:00', '2023-02-27', 4, 14),
(693, '17:00:00', '2023-02-27', 4, 11),
(694, '20:00:00', '2023-02-27', 4, 4),
(695, '23:00:00', '2023-02-27', 4, 9),
(696, '14:00:00', '2023-03-01', 4, 14),
(697, '17:00:00', '2023-03-01', 4, 11),
(698, '20:00:00', '2023-03-01', 4, 4),
(699, '23:00:00', '2023-03-01', 4, 9),
(700, '14:00:00', '2023-03-02', 4, 14),
(701, '17:00:00', '2023-03-02', 4, 11),
(702, '20:00:00', '2023-03-02', 4, 4),
(703, '23:00:00', '2023-03-02', 4, 9),
(704, '14:00:00', '2023-03-03', 4, 14),
(705, '17:00:00', '2023-03-03', 4, 11),
(706, '20:00:00', '2023-03-03', 4, 4),
(707, '23:00:00', '2023-03-03', 4, 9),
(708, '14:00:00', '2023-03-04', 4, 14),
(709, '17:00:00', '2023-03-04', 4, 11),
(710, '20:00:00', '2023-03-04', 4, 4),
(711, '23:00:00', '2023-03-04', 4, 9),
(712, '14:00:00', '2023-03-05', 4, 14),
(713, '17:00:00', '2023-03-05', 4, 11),
(714, '20:00:00', '2023-03-05', 4, 4),
(715, '23:00:00', '2023-03-05', 4, 9),
(716, '14:00:00', '2023-03-06', 4, 14),
(717, '17:00:00', '2023-03-06', 4, 11),
(718, '20:00:00', '2023-03-06', 4, 4),
(719, '23:00:00', '2023-03-06', 4, 9),
(720, '14:00:00', '2023-03-07', 4, 14),
(721, '17:00:00', '2023-03-07', 4, 11),
(722, '20:00:00', '2023-03-07', 4, 4),
(723, '23:00:00', '2023-03-07', 4, 9),
(724, '14:00:00', '2023-03-08', 4, 14),
(725, '17:00:00', '2023-03-08', 4, 11),
(726, '20:00:00', '2023-03-08', 4, 4),
(727, '23:00:00', '2023-03-08', 4, 9),
(728, '14:00:00', '2023-03-09', 4, 14),
(729, '17:00:00', '2023-03-09', 4, 11),
(730, '20:00:00', '2023-03-09', 4, 4),
(731, '23:00:00', '2023-03-09', 4, 9),
(732, '14:00:00', '2023-03-10', 4, 14),
(733, '17:00:00', '2023-03-10', 4, 11),
(734, '20:00:00', '2023-03-10', 4, 4),
(735, '23:00:00', '2023-03-10', 4, 9),
(736, '14:00:00', '2023-03-11', 4, 14),
(737, '17:00:00', '2023-03-11', 4, 11),
(738, '20:00:00', '2023-03-11', 4, 4),
(739, '23:00:00', '2023-03-11', 4, 9),
(740, '14:00:00', '2023-03-12', 4, 14),
(741, '17:00:00', '2023-03-12', 4, 11),
(742, '20:00:00', '2023-03-12', 4, 4),
(743, '23:00:00', '2023-03-12', 4, 9),
(744, '14:00:00', '2023-03-13', 4, 14),
(745, '17:00:00', '2023-03-13', 4, 11),
(746, '20:00:00', '2023-03-13', 4, 4),
(747, '23:00:00', '2023-03-13', 4, 9),
(748, '14:00:00', '2023-03-14', 4, 14),
(749, '17:00:00', '2023-03-14', 4, 11),
(750, '20:00:00', '2023-03-14', 4, 4),
(751, '23:00:00', '2023-03-14', 4, 9),
(752, '14:00:00', '2023-03-15', 4, 14),
(753, '17:00:00', '2023-03-15', 4, 11),
(754, '20:00:00', '2023-03-15', 4, 4),
(755, '23:00:00', '2023-03-15', 4, 9),
(756, '14:00:00', '2023-03-16', 4, 14),
(757, '17:00:00', '2023-03-16', 4, 11),
(758, '20:00:00', '2023-03-16', 4, 4),
(759, '23:00:00', '2023-03-16', 4, 9),
(760, '14:00:00', '2023-03-17', 4, 14),
(761, '17:00:00', '2023-03-17', 4, 11),
(762, '20:00:00', '2023-03-17', 4, 4),
(763, '23:00:00', '2023-03-17', 4, 9),
(764, '14:00:00', '2023-03-18', 4, 14),
(765, '17:00:00', '2023-03-18', 4, 11),
(766, '20:00:00', '2023-03-18', 4, 4),
(767, '23:00:00', '2023-03-18', 4, 9),
(768, '14:00:00', '2023-03-19', 4, 14),
(769, '17:00:00', '2023-03-19', 4, 11),
(770, '20:00:00', '2023-03-19', 4, 4),
(771, '23:00:00', '2023-03-19', 4, 9),
(772, '14:00:00', '2023-03-20', 4, 14),
(773, '17:00:00', '2023-03-20', 4, 11),
(774, '20:00:00', '2023-03-20', 4, 4),
(775, '23:00:00', '2023-03-20', 4, 9),
(776, '14:00:00', '2023-03-21', 4, 14),
(777, '17:00:00', '2023-03-21', 4, 11),
(778, '20:00:00', '2023-03-21', 4, 4),
(779, '23:00:00', '2023-03-21', 4, 9),
(780, '14:00:00', '2023-03-22', 4, 14),
(781, '17:00:00', '2023-03-22', 4, 11),
(782, '20:00:00', '2023-03-22', 4, 4),
(783, '23:00:00', '2023-03-22', 4, 9),
(784, '14:00:00', '2023-03-23', 4, 14),
(785, '17:00:00', '2023-03-23', 4, 11),
(786, '20:00:00', '2023-03-23', 4, 4),
(787, '23:00:00', '2023-03-23', 4, 9),
(788, '14:00:00', '2023-03-24', 4, 14),
(789, '17:00:00', '2023-03-24', 4, 11),
(790, '20:00:00', '2023-03-24', 4, 4),
(791, '23:00:00', '2023-03-24', 4, 9),
(792, '14:00:00', '2023-03-25', 4, 14),
(793, '17:00:00', '2023-03-25', 4, 11),
(794, '20:00:00', '2023-03-25', 4, 4),
(795, '23:00:00', '2023-03-25', 4, 9),
(796, '14:00:00', '2023-03-26', 4, 14),
(797, '17:00:00', '2023-03-26', 4, 11),
(798, '20:00:00', '2023-03-26', 4, 4),
(799, '23:00:00', '2023-03-26', 4, 9),
(800, '14:00:00', '2023-03-27', 4, 14),
(801, '17:00:00', '2023-03-27', 4, 11),
(802, '20:00:00', '2023-03-27', 4, 4),
(803, '23:00:00', '2023-03-27', 4, 9),
(804, '14:00:00', '2023-03-28', 4, 14),
(805, '17:00:00', '2023-03-28', 4, 11),
(806, '20:00:00', '2023-03-28', 4, 4),
(807, '23:00:00', '2023-03-28', 4, 9),
(808, '14:00:00', '2023-03-29', 4, 14),
(809, '17:00:00', '2023-03-29', 4, 11),
(810, '20:00:00', '2023-03-29', 4, 4),
(811, '23:00:00', '2023-03-29', 4, 9),
(812, '14:00:00', '2023-03-30', 4, 14),
(813, '17:00:00', '2023-03-30', 4, 11),
(814, '20:00:00', '2023-03-30', 4, 4),
(815, '23:00:00', '2023-03-30', 4, 9),
(816, '14:00:00', '2023-02-01', 5, 11),
(817, '17:00:00', '2023-02-01', 5, 9),
(818, '20:00:00', '2023-02-01', 5, 14),
(819, '14:00:00', '2023-02-02', 5, 12),
(820, '17:00:00', '2023-02-02', 5, 11),
(821, '20:00:00', '2023-02-02', 5, 15),
(822, '23:00:00', '2023-02-02', 5, 9),
(823, '14:00:00', '2023-02-03', 5, 11),
(824, '17:00:00', '2023-02-03', 5, 9),
(825, '20:00:00', '2023-02-03', 5, 14),
(826, '14:00:00', '2023-02-04', 5, 12),
(827, '17:00:00', '2023-02-04', 5, 11),
(828, '20:00:00', '2023-02-04', 5, 15),
(829, '23:00:00', '2023-02-04', 5, 9),
(830, '14:00:00', '2023-02-05', 5, 11),
(831, '17:00:00', '2023-02-05', 5, 9),
(832, '20:00:00', '2023-02-05', 5, 14),
(833, '14:00:00', '2023-02-06', 5, 12),
(834, '17:00:00', '2023-02-06', 5, 11),
(835, '20:00:00', '2023-02-06', 5, 15),
(836, '23:00:00', '2023-02-06', 5, 9),
(837, '14:00:00', '2023-02-07', 5, 11),
(838, '17:00:00', '2023-02-07', 5, 9),
(839, '20:00:00', '2023-02-07', 5, 14),
(840, '14:00:00', '2023-02-08', 5, 12),
(841, '17:00:00', '2023-02-08', 5, 11),
(842, '20:00:00', '2023-02-08', 5, 15),
(843, '23:00:00', '2023-02-08', 5, 9),
(844, '14:00:00', '2023-02-09', 5, 11),
(845, '17:00:00', '2023-02-09', 5, 9),
(846, '20:00:00', '2023-02-09', 5, 14),
(847, '14:00:00', '2023-02-10', 5, 12),
(848, '17:00:00', '2023-02-10', 5, 11),
(849, '20:00:00', '2023-02-10', 5, 15),
(850, '23:00:00', '2023-02-10', 5, 9),
(851, '14:00:00', '2023-02-11', 5, 11),
(852, '17:00:00', '2023-02-11', 5, 9),
(853, '20:00:00', '2023-02-11', 5, 14),
(854, '14:00:00', '2023-02-12', 5, 12),
(855, '17:00:00', '2023-02-12', 5, 11),
(856, '20:00:00', '2023-02-12', 5, 15),
(857, '23:00:00', '2023-02-12', 5, 9),
(858, '14:00:00', '2023-02-13', 5, 11),
(859, '17:00:00', '2023-02-13', 5, 9),
(860, '20:00:00', '2023-02-13', 5, 14),
(861, '14:00:00', '2023-02-14', 5, 12),
(862, '17:00:00', '2023-02-14', 5, 11),
(863, '20:00:00', '2023-02-14', 5, 15),
(864, '23:00:00', '2023-02-14', 5, 9),
(865, '14:00:00', '2023-02-15', 5, 11),
(866, '17:00:00', '2023-02-15', 5, 9),
(867, '20:00:00', '2023-02-15', 5, 14),
(868, '14:00:00', '2023-02-16', 5, 12),
(869, '17:00:00', '2023-02-16', 5, 11),
(870, '20:00:00', '2023-02-16', 5, 15),
(871, '23:00:00', '2023-02-16', 5, 9),
(872, '14:00:00', '2023-02-17', 5, 11),
(873, '17:00:00', '2023-02-17', 5, 9),
(874, '20:00:00', '2023-02-17', 5, 14),
(875, '14:00:00', '2023-02-18', 5, 12),
(876, '17:00:00', '2023-02-18', 5, 11),
(877, '20:00:00', '2023-02-18', 5, 15),
(878, '23:00:00', '2023-02-18', 5, 9),
(879, '14:00:00', '2023-02-19', 5, 11),
(880, '17:00:00', '2023-02-19', 5, 9),
(881, '20:00:00', '2023-02-19', 5, 14),
(882, '14:00:00', '2023-02-20', 5, 12),
(883, '17:00:00', '2023-02-20', 5, 11),
(884, '20:00:00', '2023-02-20', 5, 15),
(885, '23:00:00', '2023-02-20', 5, 9),
(886, '14:00:00', '2023-02-21', 5, 11),
(887, '17:00:00', '2023-02-21', 5, 9),
(888, '20:00:00', '2023-02-21', 5, 14),
(889, '14:00:00', '2023-02-22', 5, 12),
(890, '17:00:00', '2023-02-22', 5, 11),
(891, '20:00:00', '2023-02-22', 5, 15),
(892, '23:00:00', '2023-02-22', 5, 9),
(893, '14:00:00', '2023-02-23', 5, 11),
(894, '17:00:00', '2023-02-23', 5, 9),
(895, '20:00:00', '2023-02-23', 5, 14),
(896, '14:00:00', '2023-02-24', 5, 12),
(897, '17:00:00', '2023-02-24', 5, 11),
(898, '20:00:00', '2023-02-24', 5, 15),
(899, '23:00:00', '2023-02-24', 5, 9),
(900, '14:00:00', '2023-02-25', 5, 11),
(901, '17:00:00', '2023-02-25', 5, 9),
(902, '20:00:00', '2023-02-25', 5, 14),
(903, '14:00:00', '2023-02-26', 5, 12),
(904, '17:00:00', '2023-02-26', 5, 11),
(905, '20:00:00', '2023-02-26', 5, 15),
(906, '23:00:00', '2023-02-26', 5, 9),
(907, '14:00:00', '2023-02-27', 5, 11),
(908, '17:00:00', '2023-02-27', 5, 9),
(909, '20:00:00', '2023-02-27', 5, 14),
(910, '14:00:00', '2023-03-01', 5, 12),
(911, '17:00:00', '2023-03-01', 5, 11),
(912, '20:00:00', '2023-03-01', 5, 15),
(913, '23:00:00', '2023-03-01', 5, 9),
(914, '14:00:00', '2023-03-02', 5, 12),
(915, '17:00:00', '2023-03-02', 5, 11),
(916, '20:00:00', '2023-03-02', 5, 15),
(917, '23:00:00', '2023-03-02', 5, 9),
(918, '14:00:00', '2023-03-03', 5, 12),
(919, '17:00:00', '2023-03-03', 5, 11),
(920, '20:00:00', '2023-03-03', 5, 15),
(921, '23:00:00', '2023-03-03', 5, 9),
(922, '14:00:00', '2023-03-04', 5, 12),
(923, '17:00:00', '2023-03-04', 5, 11),
(924, '20:00:00', '2023-03-04', 5, 15),
(925, '23:00:00', '2023-03-04', 5, 9),
(926, '14:00:00', '2023-03-05', 5, 12),
(927, '17:00:00', '2023-03-05', 5, 11),
(928, '20:00:00', '2023-03-05', 5, 15),
(929, '23:00:00', '2023-03-05', 5, 9),
(930, '14:00:00', '2023-03-06', 5, 12),
(931, '17:00:00', '2023-03-06', 5, 11),
(932, '20:00:00', '2023-03-06', 5, 15),
(933, '23:00:00', '2023-03-06', 5, 9),
(934, '14:00:00', '2023-03-07', 5, 12),
(935, '17:00:00', '2023-03-07', 5, 11),
(936, '20:00:00', '2023-03-07', 5, 15),
(937, '23:00:00', '2023-03-07', 5, 9),
(938, '14:00:00', '2023-03-08', 5, 12),
(939, '17:00:00', '2023-03-08', 5, 11),
(940, '20:00:00', '2023-03-08', 5, 15),
(941, '23:00:00', '2023-03-08', 5, 9),
(942, '14:00:00', '2023-03-09', 5, 12),
(943, '17:00:00', '2023-03-09', 5, 11),
(944, '20:00:00', '2023-03-09', 5, 15),
(945, '23:00:00', '2023-03-09', 5, 9),
(946, '14:00:00', '2023-03-10', 5, 12),
(947, '17:00:00', '2023-03-10', 5, 11),
(948, '20:00:00', '2023-03-10', 5, 15),
(949, '23:00:00', '2023-03-10', 5, 9),
(950, '14:00:00', '2023-03-11', 5, 12),
(951, '17:00:00', '2023-03-11', 5, 11),
(952, '20:00:00', '2023-03-11', 5, 15),
(953, '23:00:00', '2023-03-11', 5, 9),
(954, '14:00:00', '2023-03-12', 5, 12),
(955, '17:00:00', '2023-03-12', 5, 11),
(956, '20:00:00', '2023-03-12', 5, 15),
(957, '23:00:00', '2023-03-12', 5, 9),
(958, '14:00:00', '2023-03-13', 5, 12),
(959, '17:00:00', '2023-03-13', 5, 11),
(960, '20:00:00', '2023-03-13', 5, 15),
(961, '23:00:00', '2023-03-13', 5, 9),
(962, '14:00:00', '2023-03-14', 5, 12),
(963, '17:00:00', '2023-03-14', 5, 11),
(964, '20:00:00', '2023-03-14', 5, 15),
(965, '23:00:00', '2023-03-14', 5, 9),
(966, '14:00:00', '2023-03-15', 5, 12),
(967, '17:00:00', '2023-03-15', 5, 11),
(968, '20:00:00', '2023-03-15', 5, 15),
(969, '23:00:00', '2023-03-15', 5, 9),
(970, '14:00:00', '2023-03-16', 5, 12),
(971, '17:00:00', '2023-03-16', 5, 11),
(972, '20:00:00', '2023-03-16', 5, 15),
(973, '23:00:00', '2023-03-16', 5, 9),
(974, '14:00:00', '2023-03-17', 5, 12),
(975, '17:00:00', '2023-03-17', 5, 11),
(976, '20:00:00', '2023-03-17', 5, 15),
(977, '23:00:00', '2023-03-17', 5, 9),
(978, '14:00:00', '2023-03-18', 5, 12),
(979, '17:00:00', '2023-03-18', 5, 11),
(980, '20:00:00', '2023-03-18', 5, 15),
(981, '23:00:00', '2023-03-18', 5, 9),
(982, '14:00:00', '2023-03-19', 5, 12),
(983, '17:00:00', '2023-03-19', 5, 11),
(984, '20:00:00', '2023-03-19', 5, 15),
(985, '23:00:00', '2023-03-19', 5, 9),
(986, '14:00:00', '2023-03-20', 5, 12),
(987, '17:00:00', '2023-03-20', 5, 11),
(988, '20:00:00', '2023-03-20', 5, 15),
(989, '23:00:00', '2023-03-20', 5, 9),
(990, '14:00:00', '2023-03-21', 5, 12),
(991, '17:00:00', '2023-03-21', 5, 11),
(992, '20:00:00', '2023-03-21', 5, 15),
(993, '23:00:00', '2023-03-21', 5, 9),
(994, '14:00:00', '2023-03-22', 5, 12),
(995, '17:00:00', '2023-03-22', 5, 11),
(996, '20:00:00', '2023-03-22', 5, 15),
(997, '23:00:00', '2023-03-22', 5, 9),
(998, '14:00:00', '2023-03-23', 5, 12),
(999, '17:00:00', '2023-03-23', 5, 11),
(1000, '20:00:00', '2023-03-23', 5, 15),
(1001, '23:00:00', '2023-03-23', 5, 9),
(1002, '14:00:00', '2023-03-24', 5, 12),
(1003, '17:00:00', '2023-03-24', 5, 11),
(1004, '20:00:00', '2023-03-24', 5, 15),
(1005, '23:00:00', '2023-03-24', 5, 9),
(1006, '14:00:00', '2023-03-25', 5, 12),
(1007, '17:00:00', '2023-03-25', 5, 11),
(1008, '20:00:00', '2023-03-25', 5, 15),
(1009, '23:00:00', '2023-03-25', 5, 9),
(1010, '14:00:00', '2023-03-26', 5, 12),
(1011, '17:00:00', '2023-03-26', 5, 11),
(1012, '20:00:00', '2023-03-26', 5, 15),
(1013, '23:00:00', '2023-03-26', 5, 9),
(1014, '14:00:00', '2023-03-27', 5, 12),
(1015, '17:00:00', '2023-03-27', 5, 11),
(1016, '20:00:00', '2023-03-27', 5, 15),
(1017, '23:00:00', '2023-03-27', 5, 9),
(1018, '14:00:00', '2023-03-28', 5, 12),
(1019, '17:00:00', '2023-03-28', 5, 11),
(1020, '20:00:00', '2023-03-28', 5, 15),
(1021, '23:00:00', '2023-03-28', 5, 9),
(1022, '14:00:00', '2023-03-29', 5, 12),
(1023, '17:00:00', '2023-03-29', 5, 11),
(1024, '20:00:00', '2023-03-29', 5, 15),
(1025, '23:00:00', '2023-03-29', 5, 9),
(1026, '14:00:00', '2023-03-30', 5, 12),
(1027, '17:00:00', '2023-03-30', 5, 11),
(1028, '20:00:00', '2023-03-30', 5, 15),
(1029, '23:00:00', '2023-03-30', 5, 9),
(1030, '14:00:00', '2023-02-01', 6, 14),
(1031, '17:00:00', '2023-02-01', 6, 11),
(1032, '20:00:00', '2023-02-01', 6, 4),
(1033, '14:00:00', '2023-02-02', 6, 14),
(1034, '17:00:00', '2023-02-02', 6, 11),
(1035, '20:00:00', '2023-02-02', 6, 4),
(1036, '14:00:00', '2023-02-03', 6, 14),
(1037, '17:00:00', '2023-02-03', 6, 11),
(1038, '20:00:00', '2023-02-03', 6, 4),
(1039, '14:00:00', '2023-02-04', 6, 14),
(1040, '17:00:00', '2023-02-04', 6, 11),
(1041, '20:00:00', '2023-02-04', 6, 4),
(1042, '14:00:00', '2023-02-05', 6, 14),
(1043, '17:00:00', '2023-02-05', 6, 11),
(1044, '20:00:00', '2023-02-05', 6, 4),
(1045, '14:00:00', '2023-02-06', 6, 14),
(1046, '17:00:00', '2023-02-06', 6, 11),
(1047, '20:00:00', '2023-02-06', 6, 4),
(1048, '14:00:00', '2023-02-07', 6, 14),
(1049, '17:00:00', '2023-02-07', 6, 11),
(1050, '20:00:00', '2023-02-07', 6, 4),
(1051, '14:00:00', '2023-02-08', 6, 14),
(1052, '17:00:00', '2023-02-08', 6, 11),
(1053, '20:00:00', '2023-02-08', 6, 4),
(1054, '14:00:00', '2023-02-09', 6, 14),
(1055, '17:00:00', '2023-02-09', 6, 11),
(1056, '20:00:00', '2023-02-09', 6, 4),
(1057, '14:00:00', '2023-02-10', 6, 14),
(1058, '17:00:00', '2023-02-10', 6, 11),
(1059, '20:00:00', '2023-02-10', 6, 4),
(1060, '14:00:00', '2023-02-11', 6, 14),
(1061, '17:00:00', '2023-02-11', 6, 11),
(1062, '20:00:00', '2023-02-11', 6, 4),
(1063, '14:00:00', '2023-02-12', 6, 14),
(1064, '17:00:00', '2023-02-12', 6, 11),
(1065, '20:00:00', '2023-02-12', 6, 4),
(1066, '14:00:00', '2023-02-13', 6, 14),
(1067, '17:00:00', '2023-02-13', 6, 11),
(1068, '20:00:00', '2023-02-13', 6, 4),
(1069, '14:00:00', '2023-02-14', 6, 14),
(1070, '17:00:00', '2023-02-14', 6, 11),
(1071, '20:00:00', '2023-02-14', 6, 4),
(1072, '14:00:00', '2023-02-15', 6, 14),
(1073, '17:00:00', '2023-02-15', 6, 11),
(1074, '20:00:00', '2023-02-15', 6, 4),
(1075, '14:00:00', '2023-02-16', 6, 14),
(1076, '17:00:00', '2023-02-16', 6, 11),
(1077, '20:00:00', '2023-02-16', 6, 4),
(1078, '14:00:00', '2023-02-17', 6, 14),
(1079, '17:00:00', '2023-02-17', 6, 11),
(1080, '20:00:00', '2023-02-17', 6, 4),
(1081, '14:00:00', '2023-02-18', 6, 14),
(1082, '17:00:00', '2023-02-18', 6, 11),
(1083, '20:00:00', '2023-02-18', 6, 4),
(1084, '14:00:00', '2023-02-19', 6, 14),
(1085, '17:00:00', '2023-02-19', 6, 11),
(1086, '20:00:00', '2023-02-19', 6, 4),
(1087, '14:00:00', '2023-02-20', 6, 14),
(1088, '17:00:00', '2023-02-20', 6, 11),
(1089, '20:00:00', '2023-02-20', 6, 4),
(1090, '14:00:00', '2023-02-21', 6, 14),
(1091, '17:00:00', '2023-02-21', 6, 11),
(1092, '20:00:00', '2023-02-21', 6, 4),
(1093, '14:00:00', '2023-02-22', 6, 14),
(1094, '17:00:00', '2023-02-22', 6, 11),
(1095, '20:00:00', '2023-02-22', 6, 4),
(1096, '14:00:00', '2023-02-23', 6, 14),
(1097, '17:00:00', '2023-02-23', 6, 11),
(1098, '20:00:00', '2023-02-23', 6, 4),
(1099, '14:00:00', '2023-02-24', 6, 14),
(1100, '17:00:00', '2023-02-24', 6, 11),
(1101, '20:00:00', '2023-02-24', 6, 4),
(1102, '14:00:00', '2023-02-25', 6, 14),
(1103, '17:00:00', '2023-02-25', 6, 11),
(1104, '20:00:00', '2023-02-25', 6, 4),
(1105, '14:00:00', '2023-02-26', 6, 14),
(1106, '17:00:00', '2023-02-26', 6, 11),
(1107, '20:00:00', '2023-02-26', 6, 4),
(1108, '14:00:00', '2023-02-27', 6, 14),
(1109, '17:00:00', '2023-02-27', 6, 11),
(1110, '20:00:00', '2023-02-27', 6, 4),
(1111, '14:00:00', '2023-03-01', 6, 14),
(1112, '17:00:00', '2023-03-01', 6, 11),
(1113, '20:00:00', '2023-03-01', 6, 4),
(1114, '14:00:00', '2023-03-02', 6, 14),
(1115, '17:00:00', '2023-03-02', 6, 11),
(1116, '20:00:00', '2023-03-02', 6, 4),
(1117, '14:00:00', '2023-03-03', 6, 14),
(1118, '17:00:00', '2023-03-03', 6, 11),
(1119, '20:00:00', '2023-03-03', 6, 4),
(1120, '14:00:00', '2023-03-04', 6, 14),
(1121, '17:00:00', '2023-03-04', 6, 11),
(1122, '20:00:00', '2023-03-04', 6, 4),
(1123, '14:00:00', '2023-03-05', 6, 14),
(1124, '17:00:00', '2023-03-05', 6, 11),
(1125, '20:00:00', '2023-03-05', 6, 4),
(1126, '14:00:00', '2023-03-06', 6, 14),
(1127, '17:00:00', '2023-03-06', 6, 11),
(1128, '20:00:00', '2023-03-06', 6, 4),
(1129, '14:00:00', '2023-03-07', 6, 14),
(1130, '17:00:00', '2023-03-07', 6, 11),
(1131, '20:00:00', '2023-03-07', 6, 4),
(1132, '14:00:00', '2023-03-08', 6, 14),
(1133, '17:00:00', '2023-03-08', 6, 11),
(1134, '20:00:00', '2023-03-08', 6, 4),
(1135, '14:00:00', '2023-03-09', 6, 14),
(1136, '17:00:00', '2023-03-09', 6, 11),
(1137, '20:00:00', '2023-03-09', 6, 4),
(1138, '14:00:00', '2023-03-10', 6, 14),
(1139, '17:00:00', '2023-03-10', 6, 11),
(1140, '20:00:00', '2023-03-10', 6, 4),
(1141, '14:00:00', '2023-03-11', 6, 14),
(1142, '17:00:00', '2023-03-11', 6, 11),
(1143, '20:00:00', '2023-03-11', 6, 4),
(1144, '14:00:00', '2023-03-12', 6, 14),
(1145, '17:00:00', '2023-03-12', 6, 11),
(1146, '20:00:00', '2023-03-12', 6, 4),
(1147, '14:00:00', '2023-03-13', 6, 14),
(1148, '17:00:00', '2023-03-13', 6, 11),
(1149, '20:00:00', '2023-03-13', 6, 4),
(1150, '14:00:00', '2023-03-14', 6, 14),
(1151, '17:00:00', '2023-03-14', 6, 11),
(1152, '20:00:00', '2023-03-14', 6, 4),
(1153, '14:00:00', '2023-03-15', 6, 14),
(1154, '17:00:00', '2023-03-15', 6, 11),
(1155, '20:00:00', '2023-03-15', 6, 4),
(1156, '14:00:00', '2023-03-16', 6, 14),
(1157, '17:00:00', '2023-03-16', 6, 11),
(1158, '20:00:00', '2023-03-16', 6, 4),
(1159, '14:00:00', '2023-03-17', 6, 14),
(1160, '17:00:00', '2023-03-17', 6, 11),
(1161, '20:00:00', '2023-03-17', 6, 4),
(1162, '14:00:00', '2023-03-18', 6, 14),
(1163, '17:00:00', '2023-03-18', 6, 11),
(1164, '20:00:00', '2023-03-18', 6, 4),
(1165, '14:00:00', '2023-03-19', 6, 14),
(1166, '17:00:00', '2023-03-19', 6, 11),
(1167, '20:00:00', '2023-03-19', 6, 4),
(1168, '14:00:00', '2023-03-20', 6, 14),
(1169, '17:00:00', '2023-03-20', 6, 11),
(1170, '20:00:00', '2023-03-20', 6, 4),
(1171, '14:00:00', '2023-03-21', 6, 14),
(1172, '17:00:00', '2023-03-21', 6, 11),
(1173, '20:00:00', '2023-03-21', 6, 4),
(1174, '14:00:00', '2023-03-22', 6, 14),
(1175, '17:00:00', '2023-03-22', 6, 11),
(1176, '20:00:00', '2023-03-22', 6, 4),
(1177, '14:00:00', '2023-03-23', 6, 14),
(1178, '17:00:00', '2023-03-23', 6, 11),
(1179, '20:00:00', '2023-03-23', 6, 4),
(1180, '14:00:00', '2023-03-24', 6, 14),
(1181, '17:00:00', '2023-03-24', 6, 11),
(1182, '20:00:00', '2023-03-24', 6, 4),
(1183, '14:00:00', '2023-03-25', 6, 14),
(1184, '17:00:00', '2023-03-25', 6, 11),
(1185, '20:00:00', '2023-03-25', 6, 4),
(1186, '14:00:00', '2023-03-26', 6, 14),
(1187, '17:00:00', '2023-03-26', 6, 11),
(1188, '20:00:00', '2023-03-26', 6, 4),
(1189, '14:00:00', '2023-03-27', 6, 14),
(1190, '17:00:00', '2023-03-27', 6, 11),
(1191, '20:00:00', '2023-03-27', 6, 4),
(1192, '14:00:00', '2023-03-28', 6, 14),
(1193, '17:00:00', '2023-03-28', 6, 11),
(1194, '20:00:00', '2023-03-28', 6, 4),
(1195, '14:00:00', '2023-03-29', 6, 14),
(1196, '17:00:00', '2023-03-29', 6, 11),
(1197, '20:00:00', '2023-03-29', 6, 4),
(1198, '14:00:00', '2023-03-30', 6, 14),
(1199, '17:00:00', '2023-03-30', 6, 11),
(1200, '20:00:00', '2023-03-30', 6, 4),
(1201, '14:00:00', '2023-02-01', 7, 13),
(1202, '17:00:00', '2023-02-01', 7, 3),
(1203, '20:00:00', '2023-02-01', 7, 8),
(1204, '23:00:00', '2023-02-01', 7, 5),
(1205, '20:00:00', '2023-02-02', 7, 8),
(1206, '14:00:00', '2023-02-03', 7, 13),
(1207, '17:00:00', '2023-02-03', 7, 3),
(1208, '20:00:00', '2023-02-03', 7, 8),
(1209, '23:00:00', '2023-02-03', 7, 5),
(1210, '20:00:00', '2023-02-04', 7, 8),
(1211, '14:00:00', '2023-02-05', 7, 13),
(1212, '17:00:00', '2023-02-05', 7, 3),
(1213, '20:00:00', '2023-02-05', 7, 8),
(1214, '23:00:00', '2023-02-05', 7, 5),
(1215, '20:00:00', '2023-02-06', 7, 8),
(1216, '14:00:00', '2023-02-07', 7, 13),
(1217, '17:00:00', '2023-02-07', 7, 3),
(1218, '20:00:00', '2023-02-07', 7, 8),
(1219, '23:00:00', '2023-02-07', 7, 5),
(1220, '20:00:00', '2023-02-08', 7, 8),
(1221, '14:00:00', '2023-02-09', 7, 13),
(1222, '17:00:00', '2023-02-09', 7, 3),
(1223, '20:00:00', '2023-02-09', 7, 8),
(1224, '23:00:00', '2023-02-09', 7, 5),
(1225, '20:00:00', '2023-02-10', 7, 8),
(1226, '14:00:00', '2023-02-11', 7, 13),
(1227, '17:00:00', '2023-02-11', 7, 3),
(1228, '20:00:00', '2023-02-11', 7, 8),
(1229, '23:00:00', '2023-02-11', 7, 5),
(1230, '20:00:00', '2023-02-12', 7, 8),
(1231, '14:00:00', '2023-02-13', 7, 13),
(1232, '17:00:00', '2023-02-13', 7, 3),
(1233, '20:00:00', '2023-02-13', 7, 8),
(1234, '23:00:00', '2023-02-13', 7, 5),
(1235, '20:00:00', '2023-02-14', 7, 8),
(1236, '14:00:00', '2023-02-15', 7, 13),
(1237, '17:00:00', '2023-02-15', 7, 3),
(1238, '20:00:00', '2023-02-15', 7, 8),
(1239, '23:00:00', '2023-02-15', 7, 5),
(1240, '20:00:00', '2023-02-16', 7, 8),
(1241, '14:00:00', '2023-02-17', 7, 13),
(1242, '17:00:00', '2023-02-17', 7, 3),
(1243, '20:00:00', '2023-02-17', 7, 8),
(1244, '23:00:00', '2023-02-17', 7, 5),
(1245, '20:00:00', '2023-02-18', 7, 8),
(1246, '14:00:00', '2023-02-19', 7, 13),
(1247, '17:00:00', '2023-02-19', 7, 3),
(1248, '20:00:00', '2023-02-19', 7, 8),
(1249, '23:00:00', '2023-02-19', 7, 5),
(1250, '20:00:00', '2023-02-20', 7, 8),
(1251, '14:00:00', '2023-02-21', 7, 13),
(1252, '17:00:00', '2023-02-21', 7, 3),
(1253, '20:00:00', '2023-02-21', 7, 8),
(1254, '23:00:00', '2023-02-21', 7, 5),
(1255, '20:00:00', '2023-02-22', 7, 8),
(1256, '14:00:00', '2023-02-23', 7, 13),
(1257, '17:00:00', '2023-02-23', 7, 3),
(1258, '20:00:00', '2023-02-23', 7, 8),
(1259, '23:00:00', '2023-02-23', 7, 5),
(1260, '20:00:00', '2023-02-24', 7, 8),
(1261, '14:00:00', '2023-02-25', 7, 13),
(1262, '17:00:00', '2023-02-25', 7, 3),
(1263, '20:00:00', '2023-02-25', 7, 8),
(1264, '23:00:00', '2023-02-25', 7, 5),
(1265, '20:00:00', '2023-02-26', 7, 8),
(1266, '14:00:00', '2023-02-27', 7, 13),
(1267, '17:00:00', '2023-02-27', 7, 3),
(1268, '20:00:00', '2023-02-27', 7, 8),
(1269, '23:00:00', '2023-02-27', 7, 5),
(1270, '14:00:00', '2023-03-01', 7, 13),
(1271, '17:00:00', '2023-03-01', 7, 3),
(1272, '20:00:00', '2023-03-01', 7, 8),
(1273, '23:00:00', '2023-03-01', 7, 5),
(1274, '14:00:00', '2023-03-02', 7, 13),
(1275, '17:00:00', '2023-03-02', 7, 3),
(1276, '20:00:00', '2023-03-02', 7, 8),
(1277, '23:00:00', '2023-03-02', 7, 5),
(1278, '14:00:00', '2023-03-03', 7, 13),
(1279, '17:00:00', '2023-03-03', 7, 3),
(1280, '20:00:00', '2023-03-03', 7, 8),
(1281, '23:00:00', '2023-03-03', 7, 5),
(1282, '14:00:00', '2023-03-04', 7, 13),
(1283, '17:00:00', '2023-03-04', 7, 3),
(1284, '20:00:00', '2023-03-04', 7, 8),
(1285, '23:00:00', '2023-03-04', 7, 5),
(1286, '14:00:00', '2023-03-05', 7, 13),
(1287, '17:00:00', '2023-03-05', 7, 3),
(1288, '20:00:00', '2023-03-05', 7, 8),
(1289, '23:00:00', '2023-03-05', 7, 5),
(1290, '14:00:00', '2023-03-06', 7, 13),
(1291, '17:00:00', '2023-03-06', 7, 3),
(1292, '20:00:00', '2023-03-06', 7, 8),
(1293, '23:00:00', '2023-03-06', 7, 5),
(1294, '14:00:00', '2023-03-07', 7, 13),
(1295, '17:00:00', '2023-03-07', 7, 3),
(1296, '20:00:00', '2023-03-07', 7, 8),
(1297, '23:00:00', '2023-03-07', 7, 5),
(1298, '14:00:00', '2023-03-08', 7, 13),
(1299, '17:00:00', '2023-03-08', 7, 3),
(1300, '20:00:00', '2023-03-08', 7, 8),
(1301, '23:00:00', '2023-03-08', 7, 5),
(1302, '14:00:00', '2023-03-09', 7, 13),
(1303, '17:00:00', '2023-03-09', 7, 3),
(1304, '20:00:00', '2023-03-09', 7, 8),
(1305, '23:00:00', '2023-03-09', 7, 5),
(1306, '14:00:00', '2023-03-10', 7, 13),
(1307, '17:00:00', '2023-03-10', 7, 3),
(1308, '20:00:00', '2023-03-10', 7, 8),
(1309, '23:00:00', '2023-03-10', 7, 5),
(1310, '14:00:00', '2023-03-11', 7, 13),
(1311, '17:00:00', '2023-03-11', 7, 3),
(1312, '20:00:00', '2023-03-11', 7, 8),
(1313, '23:00:00', '2023-03-11', 7, 5),
(1314, '14:00:00', '2023-03-12', 7, 13),
(1315, '17:00:00', '2023-03-12', 7, 3),
(1316, '20:00:00', '2023-03-12', 7, 8),
(1317, '23:00:00', '2023-03-12', 7, 5),
(1318, '14:00:00', '2023-03-13', 7, 13),
(1319, '17:00:00', '2023-03-13', 7, 3),
(1320, '20:00:00', '2023-03-13', 7, 8),
(1321, '23:00:00', '2023-03-13', 7, 5),
(1322, '14:00:00', '2023-03-14', 7, 13),
(1323, '17:00:00', '2023-03-14', 7, 3),
(1324, '20:00:00', '2023-03-14', 7, 8),
(1325, '23:00:00', '2023-03-14', 7, 5);
INSERT INTO `saioa` (`Id_saioa`, `Ordua`, `Data`, `Id_aretoa`, `Id_filma`) VALUES
(1326, '14:00:00', '2023-03-15', 7, 13),
(1327, '17:00:00', '2023-03-15', 7, 3),
(1328, '20:00:00', '2023-03-15', 7, 8),
(1329, '23:00:00', '2023-03-15', 7, 5),
(1330, '14:00:00', '2023-03-16', 7, 13),
(1331, '17:00:00', '2023-03-16', 7, 3),
(1332, '20:00:00', '2023-03-16', 7, 8),
(1333, '23:00:00', '2023-03-16', 7, 5),
(1334, '14:00:00', '2023-03-17', 7, 13),
(1335, '17:00:00', '2023-03-17', 7, 3),
(1336, '20:00:00', '2023-03-17', 7, 8),
(1337, '23:00:00', '2023-03-17', 7, 5),
(1338, '14:00:00', '2023-03-18', 7, 13),
(1339, '17:00:00', '2023-03-18', 7, 3),
(1340, '20:00:00', '2023-03-18', 7, 8),
(1341, '23:00:00', '2023-03-18', 7, 5),
(1342, '14:00:00', '2023-03-19', 7, 13),
(1343, '17:00:00', '2023-03-19', 7, 3),
(1344, '20:00:00', '2023-03-19', 7, 8),
(1345, '23:00:00', '2023-03-19', 7, 5),
(1346, '14:00:00', '2023-03-20', 7, 13),
(1347, '17:00:00', '2023-03-20', 7, 3),
(1348, '20:00:00', '2023-03-20', 7, 8),
(1349, '23:00:00', '2023-03-20', 7, 5),
(1350, '14:00:00', '2023-03-21', 7, 13),
(1351, '17:00:00', '2023-03-21', 7, 3),
(1352, '20:00:00', '2023-03-21', 7, 8),
(1353, '23:00:00', '2023-03-21', 7, 5),
(1354, '14:00:00', '2023-03-22', 7, 13),
(1355, '17:00:00', '2023-03-22', 7, 3),
(1356, '20:00:00', '2023-03-22', 7, 8),
(1357, '23:00:00', '2023-03-22', 7, 5),
(1358, '14:00:00', '2023-03-23', 7, 13),
(1359, '17:00:00', '2023-03-23', 7, 3),
(1360, '20:00:00', '2023-03-23', 7, 8),
(1361, '23:00:00', '2023-03-23', 7, 5),
(1362, '14:00:00', '2023-03-24', 7, 13),
(1363, '17:00:00', '2023-03-24', 7, 3),
(1364, '20:00:00', '2023-03-24', 7, 8),
(1365, '23:00:00', '2023-03-24', 7, 5),
(1366, '14:00:00', '2023-03-25', 7, 13),
(1367, '17:00:00', '2023-03-25', 7, 3),
(1368, '20:00:00', '2023-03-25', 7, 8),
(1369, '23:00:00', '2023-03-25', 7, 5),
(1370, '14:00:00', '2023-03-26', 7, 13),
(1371, '17:00:00', '2023-03-26', 7, 3),
(1372, '20:00:00', '2023-03-26', 7, 8),
(1373, '23:00:00', '2023-03-26', 7, 5),
(1374, '14:00:00', '2023-03-27', 7, 13),
(1375, '17:00:00', '2023-03-27', 7, 3),
(1376, '20:00:00', '2023-03-27', 7, 8),
(1377, '23:00:00', '2023-03-27', 7, 5),
(1378, '14:00:00', '2023-03-28', 7, 13),
(1379, '17:00:00', '2023-03-28', 7, 3),
(1380, '20:00:00', '2023-03-28', 7, 8),
(1381, '23:00:00', '2023-03-28', 7, 5),
(1382, '14:00:00', '2023-03-29', 7, 13),
(1383, '17:00:00', '2023-03-29', 7, 3),
(1384, '20:00:00', '2023-03-29', 7, 8),
(1385, '23:00:00', '2023-03-29', 7, 5),
(1386, '14:00:00', '2023-03-30', 7, 13),
(1387, '17:00:00', '2023-03-30', 7, 3),
(1388, '20:00:00', '2023-03-30', 7, 8),
(1389, '23:00:00', '2023-03-30', 7, 5),
(1390, '14:00:00', '2023-02-01', 8, 3),
(1391, '17:00:00', '2023-02-01', 8, 5),
(1392, '20:00:00', '2023-02-01', 8, 13),
(1393, '17:00:00', '2023-02-02', 8, 3),
(1394, '23:00:00', '2023-02-02', 8, 5),
(1395, '14:00:00', '2023-02-03', 8, 3),
(1396, '17:00:00', '2023-02-03', 8, 5),
(1397, '20:00:00', '2023-02-03', 8, 13),
(1398, '17:00:00', '2023-02-04', 8, 3),
(1399, '23:00:00', '2023-02-04', 8, 5),
(1400, '14:00:00', '2023-02-05', 8, 3),
(1401, '17:00:00', '2023-02-05', 8, 5),
(1402, '20:00:00', '2023-02-05', 8, 13),
(1403, '17:00:00', '2023-02-06', 8, 3),
(1404, '23:00:00', '2023-02-06', 8, 5),
(1405, '14:00:00', '2023-02-07', 8, 3),
(1406, '17:00:00', '2023-02-07', 8, 5),
(1407, '20:00:00', '2023-02-07', 8, 13),
(1408, '17:00:00', '2023-02-08', 8, 3),
(1409, '23:00:00', '2023-02-08', 8, 5),
(1410, '14:00:00', '2023-02-09', 8, 3),
(1411, '17:00:00', '2023-02-09', 8, 5),
(1412, '20:00:00', '2023-02-09', 8, 13),
(1413, '17:00:00', '2023-02-10', 8, 3),
(1414, '23:00:00', '2023-02-10', 8, 5),
(1415, '14:00:00', '2023-02-11', 8, 3),
(1416, '17:00:00', '2023-02-11', 8, 5),
(1417, '20:00:00', '2023-02-11', 8, 13),
(1418, '17:00:00', '2023-02-12', 8, 3),
(1419, '23:00:00', '2023-02-12', 8, 5),
(1420, '14:00:00', '2023-02-13', 8, 3),
(1421, '17:00:00', '2023-02-13', 8, 5),
(1422, '20:00:00', '2023-02-13', 8, 13),
(1423, '17:00:00', '2023-02-14', 8, 3),
(1424, '23:00:00', '2023-02-14', 8, 5),
(1425, '14:00:00', '2023-02-15', 8, 3),
(1426, '17:00:00', '2023-02-15', 8, 5),
(1427, '20:00:00', '2023-02-15', 8, 13),
(1428, '17:00:00', '2023-02-16', 8, 3),
(1429, '23:00:00', '2023-02-16', 8, 5),
(1430, '14:00:00', '2023-02-17', 8, 3),
(1431, '17:00:00', '2023-02-17', 8, 5),
(1432, '20:00:00', '2023-02-17', 8, 13),
(1433, '17:00:00', '2023-02-18', 8, 3),
(1434, '23:00:00', '2023-02-18', 8, 5),
(1435, '14:00:00', '2023-02-19', 8, 3),
(1436, '17:00:00', '2023-02-19', 8, 5),
(1437, '20:00:00', '2023-02-19', 8, 13),
(1438, '17:00:00', '2023-02-20', 8, 3),
(1439, '23:00:00', '2023-02-20', 8, 5),
(1440, '14:00:00', '2023-02-21', 8, 3),
(1441, '17:00:00', '2023-02-21', 8, 5),
(1442, '20:00:00', '2023-02-21', 8, 13),
(1443, '17:00:00', '2023-02-22', 8, 3),
(1444, '23:00:00', '2023-02-22', 8, 5),
(1445, '14:00:00', '2023-02-23', 8, 3),
(1446, '17:00:00', '2023-02-23', 8, 5),
(1447, '20:00:00', '2023-02-23', 8, 13),
(1448, '17:00:00', '2023-02-24', 8, 3),
(1449, '23:00:00', '2023-02-24', 8, 5),
(1450, '14:00:00', '2023-02-25', 8, 3),
(1451, '17:00:00', '2023-02-25', 8, 5),
(1452, '20:00:00', '2023-02-25', 8, 13),
(1453, '17:00:00', '2023-02-26', 8, 3),
(1454, '23:00:00', '2023-02-26', 8, 5),
(1455, '14:00:00', '2023-02-27', 8, 3),
(1456, '17:00:00', '2023-02-27', 8, 5),
(1457, '20:00:00', '2023-02-27', 8, 13),
(1458, '17:00:00', '2023-03-01', 8, 3),
(1459, '23:00:00', '2023-03-01', 8, 5),
(1460, '17:00:00', '2023-03-02', 8, 3),
(1461, '23:00:00', '2023-03-02', 8, 5),
(1462, '17:00:00', '2023-03-03', 8, 3),
(1463, '23:00:00', '2023-03-03', 8, 5),
(1464, '17:00:00', '2023-03-04', 8, 3),
(1465, '23:00:00', '2023-03-04', 8, 5),
(1466, '17:00:00', '2023-03-05', 8, 3),
(1467, '23:00:00', '2023-03-05', 8, 5),
(1468, '17:00:00', '2023-03-06', 8, 3),
(1469, '23:00:00', '2023-03-06', 8, 5),
(1470, '17:00:00', '2023-03-07', 8, 3),
(1471, '23:00:00', '2023-03-07', 8, 5),
(1472, '17:00:00', '2023-03-08', 8, 3),
(1473, '23:00:00', '2023-03-08', 8, 5),
(1474, '17:00:00', '2023-03-09', 8, 3),
(1475, '23:00:00', '2023-03-09', 8, 5),
(1476, '17:00:00', '2023-03-10', 8, 3),
(1477, '23:00:00', '2023-03-10', 8, 5),
(1478, '17:00:00', '2023-03-11', 8, 3),
(1479, '23:00:00', '2023-03-11', 8, 5),
(1480, '17:00:00', '2023-03-12', 8, 3),
(1481, '23:00:00', '2023-03-12', 8, 5),
(1482, '17:00:00', '2023-03-13', 8, 3),
(1483, '23:00:00', '2023-03-13', 8, 5),
(1484, '17:00:00', '2023-03-14', 8, 3),
(1485, '23:00:00', '2023-03-14', 8, 5),
(1486, '17:00:00', '2023-03-15', 8, 3),
(1487, '23:00:00', '2023-03-15', 8, 5),
(1488, '17:00:00', '2023-03-16', 8, 3),
(1489, '23:00:00', '2023-03-16', 8, 5),
(1490, '17:00:00', '2023-03-17', 8, 3),
(1491, '23:00:00', '2023-03-17', 8, 5),
(1492, '17:00:00', '2023-03-18', 8, 3),
(1493, '23:00:00', '2023-03-18', 8, 5),
(1494, '17:00:00', '2023-03-19', 8, 3),
(1495, '23:00:00', '2023-03-19', 8, 5),
(1496, '17:00:00', '2023-03-20', 8, 3),
(1497, '23:00:00', '2023-03-20', 8, 5),
(1498, '17:00:00', '2023-03-21', 8, 3),
(1499, '23:00:00', '2023-03-21', 8, 5),
(1500, '17:00:00', '2023-03-22', 8, 3),
(1501, '23:00:00', '2023-03-22', 8, 5),
(1502, '17:00:00', '2023-03-23', 8, 3),
(1503, '23:00:00', '2023-03-23', 8, 5),
(1504, '17:00:00', '2023-03-24', 8, 3),
(1505, '23:00:00', '2023-03-24', 8, 5),
(1506, '17:00:00', '2023-03-25', 8, 3),
(1507, '23:00:00', '2023-03-25', 8, 5),
(1508, '17:00:00', '2023-03-26', 8, 3),
(1509, '23:00:00', '2023-03-26', 8, 5),
(1510, '17:00:00', '2023-03-27', 8, 3),
(1511, '23:00:00', '2023-03-27', 8, 5),
(1512, '17:00:00', '2023-03-28', 8, 3),
(1513, '23:00:00', '2023-03-28', 8, 5),
(1514, '17:00:00', '2023-03-29', 8, 3),
(1515, '23:00:00', '2023-03-29', 8, 5),
(1516, '17:00:00', '2023-03-30', 8, 3),
(1517, '23:00:00', '2023-03-30', 8, 5),
(1518, '14:00:00', '2023-02-01', 9, 13),
(1519, '17:00:00', '2023-02-01', 9, 3),
(1520, '20:00:00', '2023-02-01', 9, 8),
(1521, '14:00:00', '2023-02-02', 9, 13),
(1522, '17:00:00', '2023-02-02', 9, 3),
(1523, '20:00:00', '2023-02-02', 9, 8),
(1524, '14:00:00', '2023-02-03', 9, 13),
(1525, '17:00:00', '2023-02-03', 9, 3),
(1526, '20:00:00', '2023-02-03', 9, 8),
(1527, '14:00:00', '2023-02-04', 9, 13),
(1528, '17:00:00', '2023-02-04', 9, 3),
(1529, '20:00:00', '2023-02-04', 9, 8),
(1530, '14:00:00', '2023-02-05', 9, 13),
(1531, '17:00:00', '2023-02-05', 9, 3),
(1532, '20:00:00', '2023-02-05', 9, 8),
(1533, '14:00:00', '2023-02-06', 9, 13),
(1534, '17:00:00', '2023-02-06', 9, 3),
(1535, '20:00:00', '2023-02-06', 9, 8),
(1536, '14:00:00', '2023-02-07', 9, 13),
(1537, '17:00:00', '2023-02-07', 9, 3),
(1538, '20:00:00', '2023-02-07', 9, 8),
(1539, '14:00:00', '2023-02-08', 9, 13),
(1540, '17:00:00', '2023-02-08', 9, 3),
(1541, '20:00:00', '2023-02-08', 9, 8),
(1542, '14:00:00', '2023-02-09', 9, 13),
(1543, '17:00:00', '2023-02-09', 9, 3),
(1544, '20:00:00', '2023-02-09', 9, 8),
(1545, '14:00:00', '2023-02-10', 9, 13),
(1546, '17:00:00', '2023-02-10', 9, 3),
(1547, '20:00:00', '2023-02-10', 9, 8),
(1548, '14:00:00', '2023-02-11', 9, 13),
(1549, '17:00:00', '2023-02-11', 9, 3),
(1550, '20:00:00', '2023-02-11', 9, 8),
(1551, '14:00:00', '2023-02-12', 9, 13),
(1552, '17:00:00', '2023-02-12', 9, 3),
(1553, '20:00:00', '2023-02-12', 9, 8),
(1554, '14:00:00', '2023-02-13', 9, 13),
(1555, '17:00:00', '2023-02-13', 9, 3),
(1556, '20:00:00', '2023-02-13', 9, 8),
(1557, '14:00:00', '2023-02-14', 9, 13),
(1558, '17:00:00', '2023-02-14', 9, 3),
(1559, '20:00:00', '2023-02-14', 9, 8),
(1560, '14:00:00', '2023-02-15', 9, 13),
(1561, '17:00:00', '2023-02-15', 9, 3),
(1562, '20:00:00', '2023-02-15', 9, 8),
(1563, '14:00:00', '2023-02-16', 9, 13),
(1564, '17:00:00', '2023-02-16', 9, 3),
(1565, '20:00:00', '2023-02-16', 9, 8),
(1566, '14:00:00', '2023-02-17', 9, 13),
(1567, '17:00:00', '2023-02-17', 9, 3),
(1568, '20:00:00', '2023-02-17', 9, 8),
(1569, '14:00:00', '2023-02-18', 9, 13),
(1570, '17:00:00', '2023-02-18', 9, 3),
(1571, '20:00:00', '2023-02-18', 9, 8),
(1572, '14:00:00', '2023-02-19', 9, 13),
(1573, '17:00:00', '2023-02-19', 9, 3),
(1574, '20:00:00', '2023-02-19', 9, 8),
(1575, '14:00:00', '2023-02-20', 9, 13),
(1576, '17:00:00', '2023-02-20', 9, 3),
(1577, '20:00:00', '2023-02-20', 9, 8),
(1578, '14:00:00', '2023-02-21', 9, 13),
(1579, '17:00:00', '2023-02-21', 9, 3),
(1580, '20:00:00', '2023-02-21', 9, 8),
(1581, '14:00:00', '2023-02-22', 9, 13),
(1582, '17:00:00', '2023-02-22', 9, 3),
(1583, '20:00:00', '2023-02-22', 9, 8),
(1584, '14:00:00', '2023-02-23', 9, 13),
(1585, '17:00:00', '2023-02-23', 9, 3),
(1586, '20:00:00', '2023-02-23', 9, 8),
(1587, '14:00:00', '2023-02-24', 9, 13),
(1588, '17:00:00', '2023-02-24', 9, 3),
(1589, '20:00:00', '2023-02-24', 9, 8),
(1590, '14:00:00', '2023-02-25', 9, 13),
(1591, '17:00:00', '2023-02-25', 9, 3),
(1592, '20:00:00', '2023-02-25', 9, 8),
(1593, '14:00:00', '2023-02-26', 9, 13),
(1594, '17:00:00', '2023-02-26', 9, 3),
(1595, '20:00:00', '2023-02-26', 9, 8),
(1596, '14:00:00', '2023-02-27', 9, 13),
(1597, '17:00:00', '2023-02-27', 9, 3),
(1598, '20:00:00', '2023-02-27', 9, 8),
(1599, '14:00:00', '2023-03-01', 9, 13),
(1600, '17:00:00', '2023-03-01', 9, 3),
(1601, '20:00:00', '2023-03-01', 9, 8),
(1602, '14:00:00', '2023-03-02', 9, 13),
(1603, '17:00:00', '2023-03-02', 9, 3),
(1604, '20:00:00', '2023-03-02', 9, 8),
(1605, '14:00:00', '2023-03-03', 9, 13),
(1606, '17:00:00', '2023-03-03', 9, 3),
(1607, '20:00:00', '2023-03-03', 9, 8),
(1608, '14:00:00', '2023-03-04', 9, 13),
(1609, '17:00:00', '2023-03-04', 9, 3),
(1610, '20:00:00', '2023-03-04', 9, 8),
(1611, '14:00:00', '2023-03-05', 9, 13),
(1612, '17:00:00', '2023-03-05', 9, 3),
(1613, '20:00:00', '2023-03-05', 9, 8),
(1614, '14:00:00', '2023-03-06', 9, 13),
(1615, '17:00:00', '2023-03-06', 9, 3),
(1616, '20:00:00', '2023-03-06', 9, 8),
(1617, '14:00:00', '2023-03-07', 9, 13),
(1618, '17:00:00', '2023-03-07', 9, 3),
(1619, '20:00:00', '2023-03-07', 9, 8),
(1620, '14:00:00', '2023-03-08', 9, 13),
(1621, '17:00:00', '2023-03-08', 9, 3),
(1622, '20:00:00', '2023-03-08', 9, 8),
(1623, '14:00:00', '2023-03-09', 9, 13),
(1624, '17:00:00', '2023-03-09', 9, 3),
(1625, '20:00:00', '2023-03-09', 9, 8),
(1626, '14:00:00', '2023-03-10', 9, 13),
(1627, '17:00:00', '2023-03-10', 9, 3),
(1628, '20:00:00', '2023-03-10', 9, 8),
(1629, '14:00:00', '2023-03-11', 9, 13),
(1630, '17:00:00', '2023-03-11', 9, 3),
(1631, '20:00:00', '2023-03-11', 9, 8),
(1632, '14:00:00', '2023-03-12', 9, 13),
(1633, '17:00:00', '2023-03-12', 9, 3),
(1634, '20:00:00', '2023-03-12', 9, 8),
(1635, '14:00:00', '2023-03-13', 9, 13),
(1636, '17:00:00', '2023-03-13', 9, 3),
(1637, '20:00:00', '2023-03-13', 9, 8),
(1638, '14:00:00', '2023-03-14', 9, 13),
(1639, '17:00:00', '2023-03-14', 9, 3),
(1640, '20:00:00', '2023-03-14', 9, 8),
(1641, '14:00:00', '2023-03-15', 9, 13),
(1642, '17:00:00', '2023-03-15', 9, 3),
(1643, '20:00:00', '2023-03-15', 9, 8),
(1644, '14:00:00', '2023-03-16', 9, 13),
(1645, '17:00:00', '2023-03-16', 9, 3),
(1646, '20:00:00', '2023-03-16', 9, 8),
(1647, '14:00:00', '2023-03-17', 9, 13),
(1648, '17:00:00', '2023-03-17', 9, 3),
(1649, '20:00:00', '2023-03-17', 9, 8),
(1650, '14:00:00', '2023-03-18', 9, 13),
(1651, '17:00:00', '2023-03-18', 9, 3),
(1652, '20:00:00', '2023-03-18', 9, 8),
(1653, '14:00:00', '2023-03-19', 9, 13),
(1654, '17:00:00', '2023-03-19', 9, 3),
(1655, '20:00:00', '2023-03-19', 9, 8),
(1656, '14:00:00', '2023-03-20', 9, 13),
(1657, '17:00:00', '2023-03-20', 9, 3),
(1658, '20:00:00', '2023-03-20', 9, 8),
(1659, '14:00:00', '2023-03-21', 9, 13),
(1660, '17:00:00', '2023-03-21', 9, 3),
(1661, '20:00:00', '2023-03-21', 9, 8),
(1662, '14:00:00', '2023-03-22', 9, 13),
(1663, '17:00:00', '2023-03-22', 9, 3),
(1664, '20:00:00', '2023-03-22', 9, 8),
(1665, '14:00:00', '2023-03-23', 9, 13),
(1666, '17:00:00', '2023-03-23', 9, 3),
(1667, '20:00:00', '2023-03-23', 9, 8),
(1668, '14:00:00', '2023-03-24', 9, 13),
(1669, '17:00:00', '2023-03-24', 9, 3),
(1670, '20:00:00', '2023-03-24', 9, 8),
(1671, '14:00:00', '2023-03-25', 9, 13),
(1672, '17:00:00', '2023-03-25', 9, 3),
(1673, '20:00:00', '2023-03-25', 9, 8),
(1674, '14:00:00', '2023-03-26', 9, 13),
(1675, '17:00:00', '2023-03-26', 9, 3),
(1676, '20:00:00', '2023-03-26', 9, 8),
(1677, '14:00:00', '2023-03-27', 9, 13),
(1678, '17:00:00', '2023-03-27', 9, 3),
(1679, '20:00:00', '2023-03-27', 9, 8),
(1680, '14:00:00', '2023-03-28', 9, 13),
(1681, '17:00:00', '2023-03-28', 9, 3),
(1682, '20:00:00', '2023-03-28', 9, 8),
(1683, '14:00:00', '2023-03-29', 9, 13),
(1684, '17:00:00', '2023-03-29', 9, 3),
(1685, '20:00:00', '2023-03-29', 9, 8),
(1686, '14:00:00', '2023-03-30', 9, 13),
(1687, '17:00:00', '2023-03-30', 9, 3),
(1688, '20:00:00', '2023-03-30', 9, 8);

-- --------------------------------------------------------

--
-- Estructura de tabla para la tabla `sarrera`
--

CREATE TABLE `sarrera` (
  `Id_sarrera` int(11) NOT NULL,
  `Id_saioa` int(11) DEFAULT NULL,
  `Id_erosketa` int(11) DEFAULT NULL
) ENGINE=InnoDB DEFAULT CHARSET=utf8mb4 COLLATE=utf8mb4_general_ci;

--
-- Volcado de datos para la tabla `sarrera`
--

INSERT INTO `sarrera` (`Id_sarrera`, `Id_saioa`, `Id_erosketa`) VALUES
(1, 1, 1);

-- --------------------------------------------------------

--
-- Estructura de tabla para la tabla `zinema`
--

CREATE TABLE `zinema` (
  `Id_zinema` int(11) NOT NULL,
  `IzenZin` varchar(30) DEFAULT NULL,
  `Kokalekua` varchar(100) DEFAULT NULL,
  `Bounds` varchar(30) DEFAULT NULL,
  `Route` varchar(100) DEFAULT NULL
) ENGINE=InnoDB DEFAULT CHARSET=utf8mb4 COLLATE=utf8mb4_general_ci;

--
-- Volcado de datos para la tabla `zinema`
--

INSERT INTO `zinema` (`Id_zinema`, `IzenZin`, `Kokalekua`, `Bounds`, `Route`) VALUES
(1, 'Cinesa Zubiarte', 'Leizaola Lehendakariaren Kalea, 2, 48009 Bilbo, Bizkaia', '10,69,199,168', 'src/resources/zubi.png'),
(2, 'Cinesa Max Ocio', 'Barrio, Kareaga Kalea, S/N, 48903 Barakaldo, Biscay', '219,69,199,168', 'src/resources/max_cinesa.png'),
(3, 'Golem Alhondiga', 'Arriqu칤bar Plaza, 4, 48001 Bilbo, Bizkaia', '428,69,212,168', 'src/resources/golem.png');

--
-- 칈ndices para tablas volcadas
--

--
-- Indices de la tabla `aretoa`
--
ALTER TABLE `aretoa`
  ADD PRIMARY KEY (`Id_aretoa`),
  ADD KEY `FK_film_areto` (`Id_zinema`);

--
-- Indices de la tabla `bezeroa`
--
ALTER TABLE `bezeroa`
  ADD PRIMARY KEY (`Id_bezeroa`),
  ADD UNIQUE KEY `NAN` (`NAN`);

--
-- Indices de la tabla `erosketa`
--
ALTER TABLE `erosketa`
  ADD PRIMARY KEY (`Id_erosketa`,`Id_bezeroa`),
  ADD KEY `FK_bezero_eros` (`Id_bezeroa`);

--
-- Indices de la tabla `filma`
--
ALTER TABLE `filma`
  ADD PRIMARY KEY (`Id_filma`);

--
-- Indices de la tabla `saioa`
--
ALTER TABLE `saioa`
  ADD PRIMARY KEY (`Id_saioa`),
  ADD KEY `FK_filma_funtzi` (`Id_filma`),
  ADD KEY `FK_aretoa_funtzi` (`Id_aretoa`);

--
-- Indices de la tabla `sarrera`
--
ALTER TABLE `sarrera`
  ADD PRIMARY KEY (`Id_sarrera`),
  ADD KEY `FK_funtzi_sarrera` (`Id_saioa`),
  ADD KEY `FK_eros_sarrera` (`Id_erosketa`);

--
-- Indices de la tabla `zinema`
--
ALTER TABLE `zinema`
  ADD PRIMARY KEY (`Id_zinema`);

--
-- AUTO_INCREMENT de las tablas volcadas
--

--
-- AUTO_INCREMENT de la tabla `aretoa`
--
ALTER TABLE `aretoa`
  MODIFY `Id_aretoa` int(11) NOT NULL AUTO_INCREMENT, AUTO_INCREMENT=10;

--
-- AUTO_INCREMENT de la tabla `erosketa`
--
ALTER TABLE `erosketa`
  MODIFY `Id_erosketa` int(11) NOT NULL AUTO_INCREMENT, AUTO_INCREMENT=2;

--
-- AUTO_INCREMENT de la tabla `saioa`
--
ALTER TABLE `saioa`
  MODIFY `Id_saioa` int(11) NOT NULL AUTO_INCREMENT, AUTO_INCREMENT=1689;

--
-- AUTO_INCREMENT de la tabla `sarrera`
--
ALTER TABLE `sarrera`
  MODIFY `Id_sarrera` int(11) NOT NULL AUTO_INCREMENT, AUTO_INCREMENT=2;

--
-- AUTO_INCREMENT de la tabla `zinema`
--
ALTER TABLE `zinema`
  MODIFY `Id_zinema` int(11) NOT NULL AUTO_INCREMENT, AUTO_INCREMENT=4;

--
-- Restricciones para tablas volcadas
--

--
-- Filtros para la tabla `aretoa`
--
ALTER TABLE `aretoa`
  ADD CONSTRAINT `FK_film_areto` FOREIGN KEY (`Id_zinema`) REFERENCES `zinema` (`Id_zinema`) ON DELETE CASCADE;

--
-- Filtros para la tabla `erosketa`
--
ALTER TABLE `erosketa`
  ADD CONSTRAINT `FK_bezero_eros` FOREIGN KEY (`Id_bezeroa`) REFERENCES `bezeroa` (`Id_bezeroa`) ON DELETE CASCADE;

--
-- Filtros para la tabla `saioa`
--
ALTER TABLE `saioa`
  ADD CONSTRAINT `FK_aretoa_funtzi` FOREIGN KEY (`Id_aretoa`) REFERENCES `aretoa` (`Id_aretoa`) ON DELETE CASCADE,
  ADD CONSTRAINT `FK_filma_funtzi` FOREIGN KEY (`Id_filma`) REFERENCES `filma` (`Id_filma`) ON DELETE CASCADE;

--
-- Filtros para la tabla `sarrera`
--
ALTER TABLE `sarrera`
  ADD CONSTRAINT `FK_eros_sarrera` FOREIGN KEY (`Id_erosketa`) REFERENCES `erosketa` (`Id_erosketa`) ON DELETE CASCADE,
  ADD CONSTRAINT `FK_funtzi_sarrera` FOREIGN KEY (`Id_saioa`) REFERENCES `saioa` (`Id_saioa`) ON DELETE CASCADE;
COMMIT;

/*!40101 SET CHARACTER_SET_CLIENT=@OLD_CHARACTER_SET_CLIENT */;
/*!40101 SET CHARACTER_SET_RESULTS=@OLD_CHARACTER_SET_RESULTS */;
/*!40101 SET COLLATION_CONNECTION=@OLD_COLLATION_CONNECTION */;
